row_index,portfolio,category,set,product_name,card_number,number_norm,rarity,variance,grade,condition,quantity,avg_cost_paid_nok,collectr_market_nok,watchlist,date_added,set_id,set_code,set_language,set_match,pk_id,pk_name,pk_set_name,pk_set_code,pk_card_number,pk_rarity,match_method,match_confidence,tcg_market,tcg_low,tcg_mid,tcg_high,tcg_subtype,tcg_updated,tcgplayer_url,cmk_trend,cmk_avg,cmk_low,cmk_variant,price_source,notes
1,Main,Pokemon,Ancient Roar,Roaring Moon ex (JP),090/066,90,Special Art Rare,Holofoil,Ungraded,Near Mint,1,0.0,379.41,false,2026-09-09,-38,CS5.1C,chn,name_exact,,,,,,,set:name_exact,0.95,,,,,,,,,,,,,
2,Main,Pokemon,Ascended Heroes,Lunatone (Energy Symbol Pattern),105/217,105,Rare,Reverse Holofoil,Ungraded,Near Mint,1,0.0,2.89,false,2026-09-09,24541,ASC,eng,name_suffix,,,,,,,set:name_suffix,0.9,,,,,,,,,,,,,
3,Main,Pokemon,Base Set 2,Charmander,69,69,Common,Normal,Ungraded,Near Mint,2,0.0,17.33,false,2026-09-09,605,BS2,eng,name_exact,,,,,,,set:name_exact,0.95,,,,,,,,,,,,,
4,Main,Pokemon,Base Set 2,Mewtwo,10,10,Holo Rare,Holofoil,Ungraded,Near Mint,1,0.0,996.94,false,2026-09-09,605,BS2,eng,name_exact,,,,,,,set:name_exact,0.95,,,,,,,,,,,,,
5,Main,Pokemon,Base Set 2,Venonat,97,97,Common,Normal,Ungraded,Near Mint,1,0.0,11.26,false,2026-09-09,605,BS2,eng,name_exact,,,,,,,set:name_exact,0.95,,,,,,,,,,,,,
6,Main,Pokemon,Base Set (Japanese),Drowzee (JP),096,96,Common,Normal,Ungraded,Near Mint,1,0.0,23.27,false,2026-09-09,,,,none,,,,,,,set:none,0.0,,,,,,,,,,,,,
7,Main,Pokemon,Base Set (Japanese),Poliwrath (JP),062,62,Rare,Holofoil,Ungraded,Near Mint,1,0.0,186.73,false,2026-09-09,,,,none,,,,,,,set:none,0.0,,,,,,,,,,,,,
8,Main,Pokemon,Base Set (Unlimited),Alakazam,1,1,Holo Rare,Holofoil,Ungraded,Near Mint,1,0.0,668.0,false,2026-09-09,604,BS,eng,name_exact,,,,,,,set:name_exact,0.95,,,,,,,,,,,,,
9,Main,Pokemon,Base Set (Unlimited),Charmeleon,24,24,Uncommon,Normal,Ungraded,Near Mint,1,0.0,32.63,false,2026-09-09,604,BS,eng,name_exact,,,,,,,set:name_exact,0.95,,,,,,,,,,,,,
10,Main,Pokemon,Base Set (Unlimited),Doduo,48,48,Common,Normal,Ungraded,Near Mint,1,0.0,11.46,false,2026-09-09,604,BS,eng,name_exact,,,,,,,set:name_exact,0.95,,,,,,,,,,,,,
11,Main,Pokemon,Base Set (Unlimited),Electabuzz,20,20,Rare,Normal,Ungraded,Near Mint,1,0.0,96.94,false,2026-09-09,604,BS,eng,name_exact,,,,,,,set:name_exact,0.95,,,,,,,,,,,,,
12,Main,Pokemon,Base Set (Unlimited),Energy Retrieval,81,81,Uncommon,Normal,Ungraded,Near Mint,1,0.0,6.06,false,2026-09-09,604,BS,eng,name_exact,,,,,,,set:name_exact,0.95,,,,,,,,,,,,,
13,Main,Pokemon,Base Set (Unlimited),Farfetch'd,27,27,Uncommon,Normal,Ungraded,Near Mint,1,0.0,13.67,false,2026-09-09,604,BS,eng,name_exact,,,,,,,set:name_exact,0.95,,,,,,,,,,,,,
14,Main,Pokemon,Base Set (Unlimited),Gastly,50,50,Common,Normal,Ungraded,Near Mint,1,0.0,11.94,false,2026-09-09,604,BS,eng,name_exact,,,,,,,set:name_exact,0.95,,,,,,,,,,,,,
15,Main,Pokemon,Base Set (Unlimited),Ivysaur,30,30,Uncommon,Normal,Ungraded,Near Mint,1,0.0,52.75,false,2026-09-09,604,BS,eng,name_exact,,,,,,,set:name_exact,0.95,,,,,,,,,,,,,
16,Main,Pokemon,Base Set (Unlimited),Kadabra,32,32,Uncommon,Normal,Ungraded,Near Mint,2,0.0,24.74,false,2026-09-09,604,BS,eng,name_exact,,,,,,,set:name_exact,0.95,,,,,,,,,,,,,
17,Main,Pokemon,Base Set (Unlimited),Nidoran M,55,55,Common,Normal,Ungraded,Near Mint,1,0.0,7.41,false,2026-09-09,604,BS,eng,name_exact,,,,,,,set:name_exact,0.95,,,,,,,,,,,,,
18,Main,Pokemon,Base Set (Unlimited),Pikachu,58,58,Common,Normal,Ungraded,Near Mint,1,0.0,111.28,false,2026-09-09,604,BS,eng,name_exact,,,,,,,set:name_exact,0.95,,,,,,,,,,,,,
19,Main,Pokemon,Base Set (Unlimited),Poliwag,59,59,Common,Normal,Ungraded,Near Mint,1,0.0,8.95,false,2026-09-09,604,BS,eng,name_exact,,,,,,,set:name_exact,0.95,,,,,,,,,,,,,
20,Main,Pokemon,Base Set (Unlimited),Raichu,14,14,Holo Rare,Holofoil,Ungraded,Near Mint,1,0.0,649.51,false,2026-09-09,604,BS,eng,name_exact,,,,,,,set:name_exact,0.95,,,,,,,,,,,,,
21,Main,Pokemon,Battle Region,Hisuian Typhlosion VSTAR (JP),029/067,29,Ultra Rare,Holofoil,Ungraded,Near Mint,1,0.0,23.19,false,2026-09-09,23639,S9a,jap,name_suffix,,,,,,,set:name_suffix,0.9,,,,,,,,,,,,,
22,Main,Pokemon,Black Bolt,Excadrill ex,160/086,160,Ultra Rare,Holofoil,CGC 9.0 Mint,Near Mint,1,0.0,0.0,false,2026-09-09,24325,BLK,eng,name_suffix,,,,,,,set:name_suffix,0.9,,,,,,,,,,,,,
23,Main,Pokemon,Blister Exclusives,Baxcalibur (Cosmos Holo),060/193,60,Promo,Holofoil,Ungraded,Near Mint,1,0.0,4.52,false,2026-09-09,2289,BLE,eng,name_exact,,,,,,,set:name_exact,0.95,,,,,,,,,,,,,
24,Main,Pokemon,Blister Exclusives,Virizion,13/101,13,Holo Rare,Holofoil,Ungraded,Near Mint,1,0.0,76.82,false,2026-09-09,2289,BLE,eng,name_exact,,,,,,,set:name_exact,0.95,,,,,,,,,,,,,
25,Main,Pokemon,Brave Stars (Charm),Deoxys VMAX,053/127,53,RRR,Holofoil,Ungraded,Near Mint,1,0.0,20.17,false,2026-09-09,,,,none,,,,,,,set:none,0.0,,,,,,,,,,,,,
26,Main,Pokemon,Brave Stars (Charm),Raichu V,019/127,19,RR,Holofoil,Ungraded,Near Mint,1,0.0,24.93,false,2026-09-09,,,,none,,,,,,,set:none,0.0,,,,,,,,,,,,,
27,Main,Pokemon,Brave Stars (Charm),Solrock,129/127,129,AR,Holofoil,Ungraded,Near Mint,1,0.0,25.36,false,2026-09-09,,,,none,,,,,,,set:none,0.0,,,,,,,,,,,,,
28,Main,Pokemon,Brave Stars (Charm),Zeraora V,027/127,27,RR,Holofoil,Ungraded,Near Mint,1,0.0,11.94,false,2026-09-09,,,,none,,,,,,,set:none,0.0,,,,,,,,,,,,,
29,Main,Pokemon,Brave Stars (Courage),Oranguru V,113/128,113,RR,Holofoil,Ungraded,Near Mint,2,0.0,20.5,false,2026-09-09,,,,none,,,,,,,set:none,0.0,,,,,,,,,,,,,; 
30,Main,Pokemon,Brave Stars (Courage),Radiant Venusaur,004/128,4,K,Holofoil,Ungraded,Near Mint,1,0.0,62.25,false,2026-09-09,,,,none,,,,,,,set:none,0.0,,,,,,,,,,,,,
31,Main,Pokemon,Brave Stars (Courage),Serperior VSTAR,033/128,33,RRR,Holofoil,Ungraded,Near Mint,1,0.0,21.76,false,2026-09-09,,,,none,,,,,,,set:none,0.0,,,,,,,,,,,,,
32,Main,Pokemon,BREAKthrough,Kirlia,69,69,Uncommon,Normal,Ungraded,Near Mint,1,0.0,3.95,false,2026-09-10,1661,BKT,eng,name_suffix,,,,,,,set:name_suffix,0.9,,,,,,,,,,,,,
33,Main,Pokemon,Brilliant Stars,Psychic Energy (2022 Unnumbered),,0,Common,Reverse Holofoil,Ungraded,Near Mint,1,0.0,3.47,false,2026-09-09,2948,SWSH09,eng,name_suffix,,,,,,,set:name_suffix,0.9,,,,,,,,,,,,,
34,Main,Pokemon,Celebrations: Classic Collection,M Rayquaza EX,76/108,76,Classic Collection,Holofoil,Ungraded,Near Mint,1,0.0,351.95,false,2026-09-09,2931,CCC,eng,name_exact,,,,,,,set:name_exact,0.95,,,,,,,,,,,,,
35,Main,Pokemon,Chaos Rising,Ampharos,029/086,29,Rare,Holofoil,Ungraded,Near Mint,1,0.0,1.54,false,2026-09-09,24655,CRI,eng,name_exact,,,,,,,set:name_exact,0.95,,,,,,,,,,,,,
36,Main,Pokemon,Chaos Rising,Ampharos,029/086,29,Rare,Reverse Holofoil,Ungraded,Near Mint,2,0.0,2.02,false,2026-09-09,24655,CRI,eng,name_exact,,,,,,,set:name_exact,0.95,,,,,,,,,,,,,
37,Main,Pokemon,Chaos Rising,Bubbly Water Energy,084/086,84,Rare,Reverse Holofoil,Ungraded,Near Mint,1,0.0,2.41,false,2026-09-09,24655,CRI,eng,name_exact,,,,,,,set:name_exact,0.95,,,,,,,,,,,,,
38,Main,Pokemon,Chaos Rising,Chesnaught,007/086,7,Rare,Reverse Holofoil,Ungraded,Near Mint,1,0.0,1.93,false,2026-09-09,24655,CRI,eng,name_exact,,,,,,,set:name_exact,0.95,,,,,,,,,,,,,
39,Main,Pokemon,Chaos Rising,Cinccino ex,073/086,73,Double Rare,Holofoil,Ungraded,Near Mint,1,0.0,6.74,false,2026-09-09,24655,CRI,eng,name_exact,,,,,,,set:name_exact,0.95,,,,,,,,,,,,,
40,Main,Pokemon,Chaos Rising,Crobat,051/086,51,Rare,Reverse Holofoil,Ungraded,Near Mint,1,0.0,2.21,false,2026-09-09,24655,CRI,eng,name_exact,,,,,,,set:name_exact,0.95,,,,,,,,,,,,,
41,Main,Pokemon,Chaos Rising,Mega Pyroar ex,015/086,15,Double Rare,Holofoil,Ungraded,Near Mint,1,0.0,5.49,false,2026-09-09,24655,CRI,eng,name_exact,,,,,,,set:name_exact,0.95,,,,,,,,,,,,,
42,Main,Pokemon,Chaos Rising,Trevenant,039/086,39,Rare,Holofoil,Ungraded,Near Mint,1,0.0,1.25,false,2026-09-09,24655,CRI,eng,name_exact,,,,,,,set:name_exact,0.95,,,,,,,,,,,,,
43,Main,Pokemon,Chaos Rising,Xerneas,091/086,91,Illustration Rare,Holofoil,Ungraded,Near Mint,1,0.0,49.29,false,2026-09-09,24655,CRI,eng,name_exact,,,,,,,set:name_exact,0.95,,,,,,,,,,,,,
44,Main,Pokemon,Chaos Rising,Xerneas,042/086,42,Rare,Reverse Holofoil,Ungraded,Near Mint,1,0.0,2.6,false,2026-09-09,24655,CRI,eng,name_exact,,,,,,,set:name_exact,0.95,,,,,,,,,,,,,
45,Main,Pokemon,Crown Zenith: Galarian Gallery,Cynthia's Ambition,GG60/GG70,gg60,Ultra Rare,Holofoil,Ungraded,Near Mint,1,0.0,225.65,false,2026-09-09,17689,CRZ:GG,eng,name_exact,,,,,,,set:name_exact,0.95,,,,,,,,,,,,,
46,Main,Pokemon,Dark Rush,Raikou EX (JP),025/069,25,Rare,Holofoil,Ungraded,Near Mint,1,0.0,89.91,false,2026-09-09,23898,BW4,jap,name_suffix,,,,,,,set:name_suffix,0.9,,,,,,,,,,,,,
47,Main,Pokemon,Deck Exclusives,Ampharos - 029/086 (Non-Holo),029/086,29,Rare,Normal,Ungraded,Near Mint,1,0.0,14.83,false,2026-09-09,1840,PR,eng,name_exact,,,,,,,set:name_exact,0.95,,,,,,,,,,,,,
48,Main,Pokemon,Deck Exclusives,Delphox - 013/086 (Non-Holo),013/086,13,Holo Rare,Normal,Ungraded,Near Mint,1,0.0,21.08,false,2026-09-09,1840,PR,eng,name_exact,,,,,,,set:name_exact,0.95,,,,,,,,,,,,,
49,Main,Pokemon,Deck Exclusives,Machamp,008/102,8,Holo Rare,1st Edition Holofoil,Ungraded,Near Mint,1,0.0,238.93,false,2026-09-09,1840,PR,eng,name_exact,,,,,,,set:name_exact,0.95,,,,,,,,,,,,,
50,Main,Pokemon,Destined Rivals,Team Rocket's Moltres ex,031/182,31,Double Rare,Holofoil,Ungraded,Near Mint,1,0.0,7.61,false,2026-09-09,24269,DRI,eng,name_suffix,,,,,,,set:name_suffix,0.9,,,,,,,,,,,,,
51,Main,Pokemon,Detective Pikachu,Lickitung (Holo Common),16,16,Common,Holofoil,Ungraded,Near Mint,1,0.0,4.04,false,2026-09-09,2409,DEP,eng,name_exact,,,,,,,set:name_exact,0.95,,,,,,,,,,,,,
52,Main,Pokemon,Detective Pikachu,Morelull (Holo Common),3,3,Common,Holofoil,Ungraded,Near Mint,1,0.0,3.56,false,2026-09-09,2409,DEP,eng,name_exact,,,,,,,set:name_exact,0.95,,,,,,,,,,,,,
53,Main,Pokemon,Diamond and Pearl,Budew,43,43,Uncommon,Normal,Ungraded,Near Mint,1,0.0,43.99,false,2026-09-10,1430,DP,eng,name_exact,,,,,,,set:name_exact,0.95,,,,,,,,,,,,,
54,Main,Pokemon,Diamond and Pearl,Energy Search,117,117,Common,Normal,Ungraded,Near Mint,1,0.0,1.73,false,2026-09-09,1430,DP,eng,name_exact,,,,,,,set:name_exact,0.95,,,,,,,,,,,,,
55,Main,Pokemon,Diamond and Pearl,Energy Search,117,117,Common,Reverse Holofoil,Ungraded,Near Mint,1,0.0,11.36,false,2026-09-09,1430,DP,eng,name_exact,,,,,,,set:name_exact,0.95,,,,,,,,,,,,,
56,Main,Pokemon,Evolutions,Beedrill,7/108,7,Rare,Normal,Ungraded,Near Mint,1,0.0,2.5,false,2026-09-09,1842,EVO,eng,name_suffix,,,,,,,set:name_suffix,0.9,,,,,,,,,,,,,
57,Main,Pokemon,Evolutions,Darkness Energy,97/108,97,Common,Reverse Holofoil,Ungraded,Near Mint,1,0.0,96.36,false,2026-09-09,1842,EVO,eng,name_suffix,,,,,,,set:name_suffix,0.9,,,,,,,,,,,,,
58,Main,Pokemon,Evolutions,Dewgong,29/108,29,Rare,Normal,Ungraded,Near Mint,1,0.0,2.12,false,2026-09-09,1842,EVO,eng,name_suffix,,,,,,,set:name_suffix,0.9,,,,,,,,,,,,,
59,Main,Pokemon,Evolutions,Diglett,55/108,55,Common,Normal,Ungraded,Near Mint,1,0.0,1.06,false,2026-09-09,1842,EVO,eng,name_suffix,,,,,,,set:name_suffix,0.9,,,,,,,,,,,,,
60,Main,Pokemon,Evolutions,Doduo,69/108,69,Common,Normal,Ungraded,Near Mint,1,0.0,1.73,false,2026-09-09,1842,EVO,eng,name_suffix,,,,,,,set:name_suffix,0.9,,,,,,,,,,,,,
61,Main,Pokemon,Evolutions,Lightning Energy,94/108,94,Common,Reverse Holofoil,Ungraded,Near Mint,1,0.0,21.85,false,2026-09-09,1842,EVO,eng,name_suffix,,,,,,,set:name_suffix,0.9,,,,,,,,,,,,,
62,Main,Pokemon,Evolutions,Machop,57/108,57,Common,Normal,Ungraded,Near Mint,1,0.0,1.83,false,2026-09-09,1842,EVO,eng,name_suffix,,,,,,,set:name_suffix,0.9,,,,,,,,,,,,,
63,Main,Pokemon,Evolutions,Metapod,4/108,4,Uncommon,Normal,Ungraded,Near Mint,1,0.0,2.21,false,2026-09-09,1842,EVO,eng,name_suffix,,,,,,,set:name_suffix,0.9,,,,,,,,,,,,,
64,Main,Pokemon,Evolutions,Poliwag,23/108,23,Common,Reverse Holofoil,Ungraded,Near Mint,1,0.0,5.2,false,2026-09-09,1842,EVO,eng,name_suffix,,,,,,,set:name_suffix,0.9,,,,,,,,,,,,,
65,Main,Pokemon,Evolutions,Poliwag,23/108,23,Common,Normal,Ungraded,Near Mint,2,0.0,2.02,false,2026-09-09,1842,EVO,eng,name_suffix,,,,,,,set:name_suffix,0.9,,,,,,,,,,,,,
66,Main,Pokemon,Evolutions,Raticate,67/108,67,Rare,Normal,Ungraded,Near Mint,2,0.0,1.64,false,2026-09-09,1842,EVO,eng,name_suffix,,,,,,,set:name_suffix,0.9,,,,,,,,,,,,,
67,Main,Pokemon,Evolutions,Slowbro Spirit Link,86/108,86,Uncommon,Reverse Holofoil,Ungraded,Near Mint,1,0.0,9.53,false,2026-09-09,1842,EVO,eng,name_suffix,,,,,,,set:name_suffix,0.9,,,,,,,,,,,,,
68,Main,Pokemon,Evolutions,Tangela,8/108,8,Common,Normal,Ungraded,Near Mint,2,0.0,2.31,false,2026-09-09,1842,EVO,eng,name_suffix,,,,,,,set:name_suffix,0.9,,,,,,,,,,,,,
69,Main,Pokemon,Evolutions,Venusaur Spirit Link,89/108,89,Uncommon,Normal,Ungraded,Near Mint,1,0.0,2.31,false,2026-09-09,1842,EVO,eng,name_suffix,,,,,,,set:name_suffix,0.9,,,,,,,,,,,,,
70,Main,Pokemon,Evolutions,Voltorb,39/108,39,Common,Normal,Ungraded,Near Mint,2,0.0,1.64,false,2026-09-09,1842,EVO,eng,name_suffix,,,,,,,set:name_suffix,0.9,,,,,,,,,,,,,
71,Main,Pokemon,Evolutions,Vulpix,14/108,14,Common,Normal,Ungraded,Near Mint,1,0.0,2.12,false,2026-09-09,1842,EVO,eng,name_suffix,,,,,,,set:name_suffix,0.9,,,,,,,,,,,,,
72,Main,Pokemon,EX Crystal Guardians,Squirtle (64),64,64,Common,Normal,Ungraded,Near Mint,1,0.0,165.58,false,2026-09-09,1395,CG,eng,name_fuzzy,,,,,,,set:name_fuzzy,0.6,,,,,,,,,,,,,
73,Main,Pokemon,EX Delta Species,Dragonair,41,41,Uncommon,Normal,Ungraded,Near Mint,1,0.0,69.99,false,2026-09-09,1429,DS,eng,name_fuzzy,,,,,,,set:name_fuzzy,0.6,,,,,,,,,,,,,
74,Main,Pokemon,EX Emerald,Fire Energy,102,102,Holo Rare,Holofoil,Ungraded,Near Mint,1,0.0,196.19,false,2026-09-09,1410,EM,eng,name_fuzzy,,,,,,,set:name_fuzzy,0.6,,,,,,,,,,,,,
75,Main,Pokemon,EX FireRed & LeafGreen,Poliwhirl,46,46,Uncommon,Reverse Holofoil,Ungraded,Near Mint,1,0.0,492.12,false,2026-09-16,1419,RG,eng,name_fuzzy,,,,,,,set:name_fuzzy,0.6,,,,,,,,,,,,,
76,Main,Pokemon,EX FireRed & LeafGreen,Seel,78,78,Common,Normal,Ungraded,Near Mint,1,0.0,4.81,false,2026-09-09,1419,RG,eng,name_fuzzy,,,,,,,set:name_fuzzy,0.6,,,,,,,,,,,,,
77,Main,Pokemon,EX Hidden Legends,Doduo,60,60,Common,Normal,Ungraded,Near Mint,1,0.0,3.47,false,2026-09-09,1416,HL,eng,name_fuzzy,,,,,,,set:name_fuzzy,0.6,,,,,,,,,,,,,
78,Main,Pokemon,EX Holon Phantoms,Corphish (63),63,63,Common,Reverse Holofoil,Ungraded,Near Mint,1,0.0,345.6,false,2026-09-16,24084,PCG7,jap,name_fuzzy,,,,,,,set:name_fuzzy,0.6,,,,,,,,,,,,,
79,Main,Pokemon,EX Holon Phantoms,Mightyena ex,101,101,Ultra Rare,Holofoil,Ungraded,Near Mint,1,0.0,962.57,false,2026-09-16,24084,PCG7,jap,name_fuzzy,,,,,,,set:name_fuzzy,0.6,,,,,,,,,,,,,
80,Main,Pokemon,EX Holon Phantoms,Poochyena,80,80,Common,Reverse Holofoil,Ungraded,Near Mint,1,0.0,156.24,false,2026-09-16,24084,PCG7,jap,name_fuzzy,,,,,,,set:name_fuzzy,0.6,,,,,,,,,,,,,
81,Main,Pokemon,EX Unseen Forces,Cyndaquil,54/115,54,Common,Normal,Ungraded,Near Mint,1,0.0,25.03,false,2026-09-09,1398,UF,eng,name_fuzzy,,,,,,,set:name_fuzzy,0.6,,,,,,,,,,,,,
82,Main,Pokemon,EX Unseen Forces,Ho-oh,27/115,27,Rare,Normal,Ungraded,Near Mint,1,0.0,63.62,false,2026-09-09,1398,UF,eng,name_fuzzy,,,,,,,set:name_fuzzy,0.6,,,,,,,,,,,,,
83,Main,Pokemon,Fossil (Japanese),Hypno (JP),097,97,Rare,Holofoil,Ungraded,Near Mint,1,0.0,123.72,false,2026-09-09,23723,23723,jap,name_suffix,,,,,,,set:name_suffix,0.9,,,,,,,,,,,,,
84,Main,Pokemon,Fusion Strike,Greedent VMAX,218/264,218,Ultra Rare,Holofoil,Ungraded,Near Mint,1,0.0,13.96,false,2026-09-09,2906,SWSH08,eng,name_suffix,,,,,,,set:name_suffix,0.9,,,,,,,,,,,,,
85,Main,Pokemon,Gem Pack,Captain Pikachu (Poke Ball Pattern) (CN),0702/09,702,Common,Holofoil,Ungraded,Near Mint,1,0.0,26.16,false,2026-09-22,-240,CBB4C,chn,name_partial,,,,,,,set:name_partial,0.75,,,,,,,,,,,,,
86,Main,Pokemon,Gem Pack Vol. 5,Captain Pikachu (Star Reverse Holo) (CN),0103/07,103,Uncommon,Reverse Holofoil,Ungraded,Near Mint,1,0.0,39.53,false,2026-09-22,-242,CBB5C,chn,name_exact,,,,,,,set:name_exact,0.95,,,,,,,,,,,,,
87,Main,Pokemon,Gym Challenge (Japanese),Blaine's Ninetales (JP),038,38,Rare,Normal,Ungraded,Near Mint,1,0.0,107.66,false,2026-09-09,,,,none,,,,,,,set:none,0.0,,,,,,,,,,,,,
88,Main,Pokemon,Gym Heroes,Brock's Onix (69),69,69,Common,Unlimited,Ungraded,Near Mint,1,0.0,16.75,false,2026-09-09,1441,G1,eng,name_exact,,,,,,,set:name_exact,0.95,,,,,,,,,,,,,
89,Main,Pokemon,Gym Heroes,Brock's Training Method,106,106,Uncommon,Unlimited,Ungraded,Near Mint,1,0.0,10.97,false,2026-09-09,1441,G1,eng,name_exact,,,,,,,set:name_exact,0.95,,,,,,,,,,,,,
90,Main,Pokemon,Gym Heroes,Erika's Exeggcute (43),43,43,Uncommon,1st Edition,Ungraded,Near Mint,1,0.0,60.07,false,2026-09-09,1441,G1,eng,name_exact,,,,,,,set:name_exact,0.95,,,,,,,,,,,,,
91,Main,Pokemon,Gym Heroes,Lightning Energy,130,130,Common,Unlimited,Ungraded,Near Mint,1,0.0,3.95,false,2026-09-09,1441,G1,eng,name_exact,,,,,,,set:name_exact,0.95,,,,,,,,,,,,,
92,Main,Pokemon,Gym Heroes,Misty's Duel,123,123,Common,Unlimited,Ungraded,Near Mint,1,0.0,24.07,false,2026-09-09,1441,G1,eng,name_exact,,,,,,,set:name_exact,0.95,,,,,,,,,,,,,
93,Main,Pokemon,Gym Heroes (Japanese),Misty's Seadra (JP),117,117,Rare,Holofoil,Ungraded,Near Mint,1,0.0,145.82,false,2026-09-09,,,,none,,,,,,,set:none,0.0,,,,,,,,,,,,,
94,Main,Pokemon,Hanada City Gym Deck,Misty's Cloyster (JP),091,91,Uncommon,Normal,Ungraded,Near Mint,1,0.0,48.13,false,2026-09-09,24175,24175,jap,name_fuzzy,,,,,,,set:name_fuzzy,0.6,,,,,,,,,,,,,
95,Main,Pokemon,Jungle,Butterfree,33,33,Uncommon,Unlimited,Ungraded,Near Mint,1,0.0,21.47,false,2026-09-09,635,JU,eng,name_exact,,,,,,,set:name_exact,0.95,,,,,,,,,,,,,
96,Main,Pokemon,Jungle,Cubone,50,50,Common,Unlimited,Ungraded,Near Mint,1,0.0,18.48,false,2026-09-09,635,JU,eng,name_exact,,,,,,,set:name_exact,0.95,,,,,,,,,,,,,
97,Main,Pokemon,Jungle,Exeggcute,52,52,Common,Unlimited,Ungraded,Near Mint,1,0.0,4.24,false,2026-09-09,635,JU,eng,name_exact,,,,,,,set:name_exact,0.95,,,,,,,,,,,,,
98,Main,Pokemon,Jungle,Fearow,36,36,Uncommon,Unlimited,Ungraded,Near Mint,1,0.0,10.3,false,2026-09-09,635,JU,eng,name_exact,,,,,,,set:name_exact,0.95,,,,,,,,,,,,,
99,Main,Pokemon,Jungle,Goldeen,53,53,Common,Unlimited,Ungraded,Near Mint,1,0.0,4.62,false,2026-09-09,635,JU,eng,name_exact,,,,,,,set:name_exact,0.95,,,,,,,,,,,,,
100,Main,Pokemon,Jungle,Jigglypuff,54,54,Common,Unlimited,Ungraded,Near Mint,1,0.0,15.98,false,2026-09-09,635,JU,eng,name_exact,,,,,,,set:name_exact,0.95,,,,,,,,,,,,,
101,Main,Pokemon,Jungle,Jolteon,4,4,Holo Rare,Unlimited Holofoil,Ungraded,Near Mint,1,0.0,966.04,false,2026-09-09,635,JU,eng,name_exact,,,,,,,set:name_exact,0.95,,,,,,,,,,,,,
102,Main,Pokemon,Jungle,Jolteon,20,20,Rare,Unlimited,Ungraded,Near Mint,1,0.0,244.81,false,2026-09-18,635,JU,eng,name_exact,,,,,,,set:name_exact,0.95,,,,,,,,,,,,,
103,Main,Pokemon,Jungle,Rhydon,45,45,Uncommon,Unlimited,Ungraded,Near Mint,1,0.0,13.86,false,2026-09-09,635,JU,eng,name_exact,,,,,,,set:name_exact,0.95,,,,,,,,,,,,,
104,Main,Pokemon,Jungle,Rhyhorn,61,61,Common,Unlimited,Ungraded,Near Mint,1,0.0,4.33,false,2026-09-09,635,JU,eng,name_exact,,,,,,,set:name_exact,0.95,,,,,,,,,,,,,
105,Main,Pokemon,Jungle,Weepinbell,48,48,Uncommon,Unlimited,Ungraded,Near Mint,1,0.0,5.97,false,2026-09-09,635,JU,eng,name_exact,,,,,,,set:name_exact,0.95,,,,,,,,,,,,,
106,Main,Pokemon,Jungle (Japanese),Oddish (JP),043,43,Common,Normal,Ungraded,Near Mint,1,0.0,32.66,false,2026-09-09,23722,23722,jap,name_suffix,,,,,,,set:name_suffix,0.9,,,,,,,,,,,,,
107,Main,Pokemon,Legendary Collection,Abra,67,67,Common,Normal,Ungraded,Near Mint,1,0.0,10.11,false,2026-09-09,1374,LC,eng,name_exact,,,,,,,set:name_exact,0.95,,,,,,,,,,,,,
108,Main,Pokemon,Legendary Collection,Caterpie,69,69,Common,Normal,Ungraded,Near Mint,1,0.0,10.2,false,2026-09-09,1374,LC,eng,name_exact,,,,,,,set:name_exact,0.95,,,,,,,,,,,,,
109,Main,Pokemon,Legendary Treasures,Virizion,15,15,Holo Rare,Holofoil,Ungraded,Near Mint,1,0.0,16.37,false,2026-09-09,1409,LTR,eng,name_exact,,,,,,,set:name_exact,0.95,,,,,,,,,,,,,
110,Main,Pokemon,Legends Awakened,Dragonair,52,52,Uncommon,Normal,Ungraded,Near Mint,1,0.0,124.76,false,2026-09-10,1417,LA,eng,name_exact,,,,,,,set:name_exact,0.95,,,,,,,,,,,,,
111,Main,Pokemon,Lost Thunder,Slowpoke,54,54,Common,Reverse Holofoil,Ungraded,Near Mint,1,0.0,226.61,false,2026-09-09,-113,LOT,eng,name_exact,,,,,,,set:name_exact,0.95,,,,,,,,,,,,,
112,Main,Pokemon,MEE: Mega Evolution Energies,Basic Darkness Energy - 007,7,7,Common,Reverse Holofoil,Ungraded,Near Mint,1,0.0,4.24,false,2026-09-09,24461,MEE,eng,name_exact,,,,,,,set:name_exact,0.95,,,,,,,,,,,,,
113,Main,Pokemon,Mega Brave,Mega Lucario,029/063,29,Double Rare,Holofoil,Ungraded,Near Mint,1,0.0,4.52,false,2026-09-09,24399,m1L,jap,name_suffix,,,,,,,set:name_suffix,0.9,,,,,,,,,,,,,
114,Main,Pokemon,MEGA Dream ex,Rayquaza,127/193,127,,Holofoil,Ungraded,Near Mint,1,0.0,2.79,false,2026-09-09,24499,M2a,jap,name_exact,,,,,,,set:name_exact,0.95,,,,,,,,,,,,,
115,Main,Pokemon,Mega Evolution Promos,Alakazam,009,9,Promo,Holofoil,CGC 9.5 Mint+,Near Mint,1,0.0,327.31,false,2026-09-09,24451,MEP,eng,name_suffix,,,,,,,set:name_suffix,0.9,,,,,,,,,,,,,
116,Main,Pokemon,Mega Evolution Promos,Fennekin (Pokemon Center Exclusive),080,80,Promo,Holofoil,Ungraded,Near Mint,1,0.0,305.36,false,2026-09-09,24451,MEP,eng,name_suffix,,,,,,,set:name_suffix,0.9,,,,,,,,,,,,,
117,Main,Pokemon,Mega Evolution Promos,Totodile,048,48,Promo,Holofoil,Ungraded,Near Mint,1,0.0,96.56,false,2026-09-09,24451,MEP,eng,name_suffix,,,,,,,set:name_suffix,0.9,,,,,,,,,,,,,
118,Main,Pokemon,Miscellaneous Cards & Products,Ho-Oh (EB Games Exclusive),010/086,10,Rare,Holofoil,Ungraded,Near Mint,1,0.0,896.53,false,2026-09-09,2374,MCAP,eng,name_exact,,,,,,,set:name_exact,0.95,,,,,,,,,,,,,
119,Main,Pokemon,Miscellaneous Cards & Products,Keldeo (Chaos Rising Stamped),019/086,19,Rare,Holofoil,Ungraded,Near Mint,1,0.0,90.01,false,2026-09-09,2374,MCAP,eng,name_exact,,,,,,,set:name_exact,0.95,,,,,,,,,,,,,
120,Main,Pokemon,Miscellaneous Cards & Products,Lapras (Holiday Calendar),048/202,48,Promo,Holofoil,Ungraded,Near Mint,1,0.0,42.74,false,2026-09-09,2374,MCAP,eng,name_exact,,,,,,,set:name_exact,0.95,,,,,,,,,,,,,
121,Main,Pokemon,Miscellaneous Cards & Products,Pikachu (Pokemon Day 2026),051/162,51,Common,Holofoil,Ungraded,Near Mint,1,0.0,25.9,false,2026-09-09,2374,MCAP,eng,name_exact,,,,,,,set:name_exact,0.95,,,,,,,,,,,,,
122,Main,Pokemon,Miscellaneous Cards & Products,Steelix (Cosmos Holo),125/182,125,Rare,Holofoil,Ungraded,Near Mint,1,0.0,103.78,false,2026-09-09,2374,MCAP,eng,name_exact,,,,,,,set:name_exact,0.95,,,,,,,,,,,,,
123,Main,Pokemon,Neo Destiny,Light Ninetales,50,50,Uncommon,Unlimited,Ungraded,Near Mint,1,0.0,273.01,false,2026-09-18,1444,N4,eng,name_exact,,,,,,,set:name_exact,0.95,,,,,,,,,,,,,
124,Main,Pokemon,Neo Discovery,Tyrogue,66,66,Common,Unlimited,Ungraded,Near Mint,1,0.0,11.07,false,2026-09-09,1434,N2,eng,name_exact,,,,,,,set:name_exact,0.95,,,,,,,,,,,,,
125,Main,Pokemon,Neo Discovery,Umbreon (32),32,32,Rare,Unlimited,Ungraded,Near Mint,1,0.0,1018.31,false,2026-09-09,1434,N2,eng,name_exact,,,,,,,set:name_exact,0.95,,,,,,,,,,,,,
126,Main,Pokemon,Neo Genesis,Cyndaquil (57),57,57,Common,Unlimited,Ungraded,Near Mint,1,0.0,25.03,false,2026-09-09,1396,N1,eng,name_exact,,,,,,,set:name_exact,0.95,,,,,,,,,,,,,
127,Main,Pokemon,Neo Genesis,Kingdra,8,8,Holo Rare,Unlimited Holofoil,Ungraded,Near Mint,1,0.0,212.08,false,2026-09-09,1396,N1,eng,name_exact,,,,,,,set:name_exact,0.95,,,,,,,,,,,,,
128,Main,Pokemon,Neo Genesis,Mareep,65,65,Common,Unlimited,Ungraded,Near Mint,1,0.0,15.69,false,2026-09-09,1396,N1,eng,name_exact,,,,,,,set:name_exact,0.95,,,,,,,,,,,,,
129,Main,Pokemon,Neo Genesis,Snubbull,74,74,Common,Unlimited,Ungraded,Near Mint,1,0.0,7.03,false,2026-09-09,1396,N1,eng,name_exact,,,,,,,set:name_exact,0.95,,,,,,,,,,,,,
130,Main,Pokemon,Neo Genesis,Totodile (80),80,80,Common,Unlimited,Ungraded,Near Mint,1,0.0,18.48,false,2026-09-09,1396,N1,eng,name_exact,,,,,,,set:name_exact,0.95,,,,,,,,,,,,,
131,Main,Pokemon,Neo Genesis (Japanese),Onix (JP),095,95,Common,Normal,Ungraded,Near Mint,1,0.0,34.24,false,2026-09-09,,,,none,,,,,,,set:none,0.0,,,,,,,,,,,,,
132,Main,Pokemon,Neo Revelation,Entei (17),17,17,Rare,Unlimited,Ungraded,Near Mint,1,0.0,204.18,false,2026-09-18,1389,N3,eng,name_exact,,,,,,,set:name_exact,0.95,,,,,,,,,,,,,
133,Main,Pokemon,Neo Revelation,Ho-oh,18,18,Rare,Unlimited,Ungraded,Near Mint,1,0.0,288.7,false,2026-09-18,1389,N3,eng,name_exact,,,,,,,set:name_exact,0.95,,,,,,,,,,,,,
134,Main,Pokemon,Neo Revelation,Lugia,20,20,Rare,Unlimited,Ungraded,Near Mint,1,0.0,602.34,false,2026-09-09,1389,N3,eng,name_exact,,,,,,,set:name_exact,0.95,,,,,,,,,,,,,
135,Main,Pokemon,Nihil Zero,Clefairy,086/080,86,Art Rare,Holofoil,Ungraded,Near Mint,1,0.0,95.11,false,2026-09-09,24600,M3,jap,name_suffix,,,,,,,set:name_suffix,0.9,,,,,,,,,,,,,
136,Main,Pokemon,Nihil Zero,Energy Recycler,101/080,101,Super Rare,Holofoil,Ungraded,Near Mint,1,0.0,4.14,false,2026-09-09,24600,M3,jap,name_suffix,,,,,,,set:name_suffix,0.9,,,,,,,,,,,,,
137,Main,Pokemon,Nihil Zero,Raticate,092/080,92,Art Rare,Holofoil,Ungraded,Near Mint,1,0.0,15.5,false,2026-09-09,24600,M3,jap,name_suffix,,,,,,,set:name_suffix,0.9,,,,,,,,,,,,,
138,Main,Pokemon,Nihil Zero,Rock F Energy,080/080,80,Rare,Holofoil,Ungraded,Near Mint,1,0.0,1.83,false,2026-09-09,24600,M3,jap,name_suffix,,,,,,,set:name_suffix,0.9,,,,,,,,,,,,,
139,Main,Pokemon,Nihil Zero,Rowlet,082/080,82,Art Rare,Holofoil,Ungraded,Near Mint,1,0.0,29.07,false,2026-09-09,24600,M3,jap,name_suffix,,,,,,,set:name_suffix,0.9,,,,,,,,,,,,,
140,Main,Pokemon,Nihil Zero,Salazzle ex,094/080,94,Super Rare,Holofoil,Ungraded,Near Mint,1,0.0,24.07,false,2026-09-09,24600,M3,jap,name_suffix,,,,,,,set:name_suffix,0.9,,,,,,,,,,,,,
141,Main,Pokemon,Noble Victories,Cobalion,84,84,Holo Rare,Holofoil,Ungraded,Near Mint,1,0.0,15.6,false,2026-09-09,1385,NVI,eng,name_exact,,,,,,,set:name_exact,0.95,,,,,,,,,,,,,
142,Main,Pokemon,Noble Victories,Terrakion,73,73,Holo Rare,Holofoil,Ungraded,Near Mint,1,0.0,23.39,false,2026-09-09,1385,NVI,eng,name_exact,,,,,,,set:name_exact,0.95,,,,,,,,,,,,,
143,Main,Pokemon,Paldea Evolved,Sprigatito,196/193,196,Illustration Rare,Holofoil,Ungraded,Near Mint,1,0.0,550.55,false,2026-09-09,23120,PAL,eng,name_suffix,,,,,,,set:name_suffix,0.9,,,,,,,,,,,,,
144,Main,Pokemon,Paradox Rift,Deoxys,074/182,74,Rare,Reverse Holofoil,Ungraded,Near Mint,1,0.0,2.7,false,2026-09-09,23286,PAR,eng,name_suffix,,,,,,,set:name_suffix,0.9,,,,,,,,,,,,,
145,Main,Pokemon,Paradox Rift,Yveltal,118/182,118,Rare,Reverse Holofoil,Ungraded,Near Mint,1,0.0,2.31,false,2026-09-09,23286,PAR,eng,name_suffix,,,,,,,set:name_suffix,0.9,,,,,,,,,,,,,
146,Main,Pokemon,Perfect Order,Doublade,098/088,98,Illustration Rare,Holofoil,Ungraded,Near Mint,1,0.0,17.23,false,2026-09-09,24587,POR,eng,name_suffix,,,,,,,set:name_suffix,0.9,,,,,,,,,,,,,
147,Main,Pokemon,Perfect Order,Espurr,095/088,95,Illustration Rare,Holofoil,Ungraded,Near Mint,1,0.0,31.96,false,2026-09-09,24587,POR,eng,name_suffix,,,,,,,set:name_suffix,0.9,,,,,,,,,,,,,
148,Main,Pokemon,Perfect Order,Lapras ex,022/088,22,Double Rare,Holofoil,Ungraded,Near Mint,1,0.0,5.87,false,2026-09-09,24587,POR,eng,name_suffix,,,,,,,set:name_suffix,0.9,,,,,,,,,,,,,
149,Main,Pokemon,Perfect Order,Poke Pad,081/088,81,Uncommon,Normal,Ungraded,Near Mint,1,0.0,2.02,false,2026-09-09,24587,POR,eng,name_suffix,,,,,,,set:name_suffix,0.9,,,,,,,,,,,,,
150,Main,Pokemon,Perfect Order,Rosa's Encouragement,084/088,84,Uncommon,Reverse Holofoil,Ungraded,Near Mint,1,0.0,2.02,false,2026-09-09,24587,POR,eng,name_suffix,,,,,,,set:name_suffix,0.9,,,,,,,,,,,,,
151,Main,Pokemon,Perfect Order,Tyrantrum,045/088,45,Rare,Reverse Holofoil,Ungraded,Near Mint,1,0.0,2.6,false,2026-09-09,24587,POR,eng,name_suffix,,,,,,,set:name_suffix,0.9,,,,,,,,,,,,,
152,Main,Pokemon,Perfect Order,Yveltal ex,053/088,53,Double Rare,Holofoil,Ungraded,Near Mint,1,0.0,6.06,false,2026-09-09,24587,POR,eng,name_suffix,,,,,,,set:name_suffix,0.9,,,,,,,,,,,,,
153,Main,Pokemon,Pitch Black,Energy Switch,107/084,107,Ultra Rare,Holofoil,Ungraded,Near Mint,1,0.0,17.42,false,2026-09-09,24688,PBL,eng,name_exact,,,,,,,set:name_exact,0.95,,,,,,,,,,,,,
154,Main,Pokemon,Pitch Black,Shadowy Darkness Energy,083/084,83,Rare,Holofoil,Ungraded,Near Mint,1,0.0,1.44,false,2026-09-09,24688,PBL,eng,name_exact,,,,,,,set:name_exact,0.95,,,,,,,,,,,,,
155,Main,Pokemon,Pitch Black,Slowbro,090/084,90,Illustration Rare,Holofoil,Ungraded,Near Mint,1,0.0,63.25,false,2026-09-22,24688,PBL,eng,name_exact,,,,,,,set:name_exact,0.95,,,,,,,,,,,,,
156,Main,Pokemon,Plasma Storm,Virbank City Gym,126,126,Uncommon,Reverse Holofoil,Ungraded,Near Mint,1,0.0,52.66,false,2026-09-09,1413,PLS,eng,name_exact,,,,,,,set:name_exact,0.95,,,,,,,,,,,,,
157,Main,Pokemon,Prismatic Evolutions,Umbreon ex,060/131,60,Double Rare,Holofoil,Ungraded,Near Mint,3,0.0,80.38,false,2026-09-09,23821,PRE,eng,name_suffix,,,,,,,set:name_suffix,0.9,,,,,,,,,,,,,
158,Main,Pokemon,Prismatic Evolutions,Umbreon (Poke Ball Pattern),059/131,59,Rare,Holofoil,Ungraded,Near Mint,1,0.0,40.62,false,2026-09-09,23821,PRE,eng,name_suffix,,,,,,,set:name_suffix,0.9,,,,,,,,,,,,,
159,Main,Pokemon,Scarlet & Violet Base Set,Miraidon ex,253/198,253,Hyper Rare,Holofoil,Ungraded,Near Mint,1,0.0,73.64,false,2026-09-09,22873,SVI,eng,name_suffix,,,,,,,set:name_suffix,0.9,,,,,,,,,,,,,
160,Main,Pokemon,Shiny Star V,Zamazenta V (JP),330/190,330,Secret Rare,Holofoil,Ungraded,Near Mint,1,0.0,176.65,false,2026-09-09,23643,S4a,jap,name_suffix,,,,,,,set:name_suffix,0.9,,,,,,,,,,,,,
161,Main,Pokemon,Supreme Victors,Rayquaza C,8,8,Holo Rare,Holofoil,Ungraded,Near Mint,2,0.0,679.84,false,2026-09-09,1384,SV,eng,name_exact,,,,,,,set:name_exact,0.95,,,,,,,,,,,,,
162,Main,Pokemon,Surging Sparks,Alolan Exeggutor ex,133/191,133,Double Rare,Holofoil,Ungraded,Near Mint,1,0.0,7.61,false,2026-09-09,23651,SSP,eng,name_suffix,,,,,,,set:name_suffix,0.9,,,,,,,,,,,,,
163,Main,Pokemon,Surging Sparks,Eternatus,141/191,141,Rare,Holofoil,Ungraded,Near Mint,1,0.0,2.12,false,2026-09-09,23651,SSP,eng,name_suffix,,,,,,,set:name_suffix,0.9,,,,,,,,,,,,,
164,Main,Pokemon,Surging Sparks,Skeledirge,031/191,31,Rare,Holofoil,Ungraded,Near Mint,1,0.0,2.12,false,2026-09-09,23651,SSP,eng,name_suffix,,,,,,,set:name_suffix,0.9,,,,,,,,,,,,,
165,Main,Pokemon,Surging Sparks,Sylveon ex,086/191,86,Double Rare,Holofoil,Ungraded,Near Mint,1,0.0,24.93,false,2026-09-09,23651,SSP,eng,name_suffix,,,,,,,set:name_suffix,0.9,,,,,,,,,,,,,
166,Main,Pokemon,SV: 151,Basic Darkness Energy (Cosmos Holo),007,7,Common,Holofoil,Ungraded,Near Mint,1,0.0,13.09,false,2026-09-09,23237,MEW,eng,name_exact,,,,,,,set:name_exact,0.95,,,,,,,,,,,,,
167,Main,Pokemon,SV: Premium Trainer Box ex,Pokegear 3.0,004/028,4,,Normal,Ungraded,Near Mint,1,0.0,19.25,false,2026-09-09,23806,svB,jap,name_exact,,,,,,,set:name_exact,0.95,,,,,,,,,,,,,
168,Main,Pokemon,Team Rocket,Rainbow Energy (17),17,17,Holo Rare,Unlimited Holofoil,Ungraded,Near Mint,1,0.0,278.69,false,2026-09-09,1373,TR,eng,name_exact,,,,,,,set:name_exact,0.95,,,,,,,,,,,,,
169,Main,Pokemon,Team Rocket (Japanese),Dark Machamp (JP),068,68,Rare,Holofoil,Ungraded,Near Mint,1,0.0,250.31,false,2026-09-09,24310,SV10,jap,name_suffix,,,,,,,set:name_suffix,0.9,,,,,,,,,,,,,
170,Main,Pokemon,Temporal Forces,Gengar ex,104/162,104,Double Rare,Holofoil,Ungraded,Near Mint,1,0.0,63.25,false,2026-09-09,23381,TEF,eng,name_suffix,,,,,,,set:name_suffix,0.9,,,,,,,,,,,,,
171,Main,Pokemon,Terastal Festival ex,Umbreon (JP),092/187,92,Rare,Normal,Ungraded,Near Mint,1,0.0,16.44,false,2026-09-09,23909,SV8a,jap,name_suffix,,,,,,,set:name_suffix,0.9,,,,,,,,,,,,,
172,Main,Pokemon,Trading Card Game Classic,Lt. Surge's Raticate,016/034,16,Classic Collection,Holofoil,Ungraded,Near Mint,1,0.0,14.44,false,2026-09-09,23323,CL,eng,name_exact,,,,,,,set:name_exact,0.95,,,,,,,,,,,,,
173,Main,Pokemon,Trading Card Game Classic,Lt. Surge's Rattata,015/034,15,Classic Collection,Holofoil,Ungraded,Near Mint,1,0.0,22.53,false,2026-09-09,23323,CL,eng,name_exact,,,,,,,set:name_exact,0.95,,,,,,,,,,,,,
174,Main,Pokemon,Trick or Trade BOOster Bundle 2023,Banette,073/196,73,Rare,Normal,Ungraded,Near Mint,1,0.0,1.73,false,2026-09-09,23266,TTBB23,eng,name_exact,,,,,,,set:name_exact,0.95,,,,,,,,,,,,,
175,Main,Pokemon,Trick or Trade BOOster Bundle 2023,Dusknoir,071/185,71,Holo Rare,Holofoil,Ungraded,Near Mint,1,0.0,1.35,false,2026-09-09,23266,TTBB23,eng,name_exact,,,,,,,set:name_exact,0.95,,,,,,,,,,,,,
176,Main,Pokemon,Trick or Trade BOOster Bundle 2023,Lycanroc,095/185,95,Rare,Normal,Ungraded,Near Mint,1,0.0,1.64,false,2026-09-09,23266,TTBB23,eng,name_exact,,,,,,,set:name_exact,0.95,,,,,,,,,,,,,
177,Main,Pokemon,Trick or Trade BOOster Bundle 2023,Pikachu,062/193,62,Common,Holofoil,Ungraded,Near Mint,1,0.0,5.01,false,2026-09-09,23266,TTBB23,eng,name_exact,,,,,,,set:name_exact,0.95,,,,,,,,,,,,,
178,Main,Pokemon,Trick or Trade BOOster Bundle 2023,Polteageist,090/202,90,Rare,Normal,Ungraded,Near Mint,1,0.0,1.25,false,2026-09-09,23266,TTBB23,eng,name_exact,,,,,,,set:name_exact,0.95,,,,,,,,,,,,,
179,Main,Pokemon,Trick or Trade BOOster Bundle 2023,Trevenant,017/196,17,Holo Rare,Holofoil,Ungraded,Near Mint,1,0.0,1.64,false,2026-09-09,23266,TTBB23,eng,name_exact,,,,,,,set:name_exact,0.95,,,,,,,,,,,,,
180,Main,Pokemon,Trick or Trade BOOster Bundle 2024,Fezandipiti (Cosmos Holo),096/167,96,Holo Rare,Holofoil,Ungraded,Near Mint,1,0.0,2.31,false,2026-09-09,23561,TTBB24,eng,name_exact,,,,,,,set:name_exact,0.95,,,,,,,,,,,,,
181,Main,Pokemon,Trick or Trade BOOster Bundle 2024,Umbreon,130/197,130,Uncommon,Normal,Ungraded,Near Mint,1,0.0,4.52,false,2026-09-09,23561,TTBB24,eng,name_exact,,,,,,,set:name_exact,0.95,,,,,,,,,,,,,
182,Main,Pokemon,Twilight Masquerade,Iron Thorns ex,077/167,77,Double Rare,Holofoil,Ungraded,Near Mint,1,0.0,6.55,false,2026-09-09,23473,TWM,eng,name_suffix,,,,,,,set:name_suffix,0.9,,,,,,,,,,,,,
183,Main,Pokemon,Twilight Masquerade,Magcargo ex,029/167,29,Double Rare,Holofoil,Ungraded,Near Mint,1,0.0,6.26,false,2026-09-09,23473,TWM,eng,name_suffix,,,,,,,set:name_suffix,0.9,,,,,,,,,,,,,
184,Main,Pokemon,Twilight Masquerade,Teal Mask Ogerpon ex,221/167,221,Hyper Rare,Holofoil,Ungraded,Near Mint,2,0.0,88.47,false,2026-09-09,23473,TWM,eng,name_suffix,,,,,,,set:name_suffix,0.9,,,,,,,,,,,,,
185,Main,Pokemon,Undaunted,Umbreon,10,10,Holo Rare,Holofoil,Ungraded,Near Mint,1,0.0,932.15,false,2026-09-09,1403,UD,eng,name_exact,,,,,,,set:name_exact,0.95,,,,,,,,,,,,,
186,Main,Pokemon,Vending Series 1 (Blue),Poliwag (JP),060,60,Common,Normal,Ungraded,Near Mint,1,0.0,314.45,false,2026-09-09,,,,none,,,,,,,set:none,0.0,,,,,,,,,,,,,
187,Main,Pokemon,VSTAR Universe,Gengar (JP),048/172,48,Rare,Holofoil,Ungraded,Near Mint,1,0.0,25.69,false,2026-09-09,23645,S12a,jap,name_suffix,,,,,,,set:name_suffix,0.9,,,,,,,,,,,,,
188,Main,Pokemon,VSTAR Universe,Radiant Eternatus (JP),115/172,115,Radiant Rare,Holofoil,Ungraded,Near Mint,1,0.0,19.97,false,2026-09-09,23645,S12a,jap,name_suffix,,,,,,,set:name_suffix,0.9,,,,,,,,,,,,,
189,Main,Pokemon,VSTAR Universe,Zeraora VMAX (JP),041/172,41,Ultra Rare,Holofoil,Ungraded,Near Mint,2,0.0,17.86,false,2026-09-09,23645,S12a,jap,name_suffix,,,,,,,set:name_suffix,0.9,,,,,,,,,,,,,
190,Main,Pokemon,Wild Force,Gastly (JP),080/071,80,Art Rare,Holofoil,Ungraded,Near Mint,1,0.0,298.27,false,2026-09-22,-42,CS6.1C,chn,name_exact,,,,,,,set:name_exact,0.95,,,,,,,,,,,,,
191,Main,Pokemon,XY Base Set,Sableye,68,68,Uncommon,Reverse Holofoil,Ungraded,Near Mint,1,0.0,28.69,false,2026-09-09,1387,XY,eng,name_exact,,,,,,,set:name_exact,0.95,,,,,,,,,,,,,
