id,product-name,console-name,price-in-pennies,include-string,condition-string,condition-id,sku,notes,cost-basis-in-pennies,quantity,date-entered,date-purchased,grading-company,grading-cert-id,folder
3561010,Rattata #19,Pokemon 1999 Topps TV,163,Ungraded,Normal wear,1,,,0,1,2026-03-06,2026-03-06,,,
3453488,Ponyta #77,Pokemon Japanese Rocket Gang,242,Ungraded,Normal wear,1,,,0,1,2026-03-06,2026-03-06,,,
958746,Scorched Earth [Reverse Holo] #138,Pokemon Primal Clash,52,Ungraded,Normal wear,1,,,0,1,2026-03-06,2026-03-06,,,
762347,Bayleef #28,Pokemon Neo Genesis,351,Ungraded,Normal wear,1,,,0,1,2026-03-06,2026-03-06,,,
762194,Misty's Poliwag #87,Pokemon Gym Heroes,213,Ungraded,Normal wear,1,,,0,1,2026-03-06,2026-03-06,,,
10801573,Koffing [1st Edition] #1,Pokemon Japanese EX Ruby & Sapphire Expansion Pack,600,Ungraded,Normal wear,1,,,0,1,2026-03-06,2026-03-06,,,
3492014,Growlithe [No Rarity] #58,Pokemon Japanese Expansion Pack,1999,Ungraded,Normal wear,1,,,0,1,2026-03-06,2026-03-06,,,
643311,Jigglypuff #54,Pokemon Jungle,170,Ungraded,Normal wear,1,,,0,1,2026-03-06,2026-03-06,,,
630472,Poliwag #59,Pokemon Base Set,167,Ungraded,Normal wear,1,,,0,1,2026-03-06,2026-03-06,,,
630463,Gastly #50,Pokemon Base Set,222,Ungraded,Normal wear,1,,,0,1,2026-03-06,2026-03-06,,,
5551578,Slowpoke [Playmat] #79,Pokemon Japanese Promo,7850,Ungraded,Normal wear,1,,,0,1,2026-03-06,2026-03-06,,,
643411,Graveler #37,Pokemon Fossil,188,Ungraded,Normal wear,1,,,0,1,2026-03-06,2026-03-06,,,
3295688,Butterfree [D Edition Error] #33,Pokemon Jungle,3348,Ungraded,Normal wear,1,,,0,1,2026-03-06,2026-03-06,,,
6423174,Bayleef [Lv 39] #153,"Pokemon Japanese Gold, Silver, New World",162,Ungraded,Normal wear,1,,,0,1,2026-03-06,2026-03-06,,,
643333,Rhyhorn #61,Pokemon Jungle,127,Ungraded,Normal wear,1,,,0,1,2026-03-06,2026-03-06,,,
630437,Charmeleon #24,Pokemon Base Set,229,Ungraded,Normal wear,1,,,0,1,2026-03-06,2026-03-06,,,
762509,Ho-oh #18,Pokemon Neo Revelation,1705,Ungraded,Normal wear,1,,,0,1,2026-03-06,2026-03-06,,,
1341277,Raichu #29,Pokemon Fossil,639,Ungraded,Normal wear,1,,,0,1,2026-03-06,2026-03-06,,,
7401337,Chikorita #1,Pokemon Japanese Meganium Starter Deck,356,Ungraded,Normal wear,1,,,0,1,2026-03-06,2026-03-06,,,
3561233,Butterfree [Spectra] #12,Pokemon 2000 Topps Chrome,3319,Ungraded,Normal wear,1,,,0,1,2026-03-06,2026-03-06,,,
2427453,Suicune [1st Edition] #27,Pokemon Neo Revelation,4370,Ungraded,Normal wear,1,,,0,1,2026-03-06,2026-03-06,,,
7401337,Chikorita #1,Pokemon Japanese Meganium Starter Deck,356,Ungraded,Normal wear,1,,,0,1,2026-03-06,2026-03-06,,,
643311,Jigglypuff #54,Pokemon Jungle,170,Ungraded,Normal wear,1,,,0,1,2026-03-06,2026-03-06,,,
762194,Misty's Poliwag #87,Pokemon Gym Heroes,213,Ungraded,Normal wear,1,,,0,1,2026-03-06,2026-03-06,,,
643353,Exeggcute [1st Edition] #52,Pokemon Jungle,269,Ungraded,Normal wear,1,,,0,1,2026-03-06,2026-03-06,,,
630437,Charmeleon #24,Pokemon Base Set,229,Ungraded,Normal wear,1,,,0,1,2026-03-06,2026-03-06,,,
888474,Cyndaquil #54,Pokemon Unseen Forces,204,Ungraded,Normal wear,1,,,0,1,2026-03-06,2026-03-06,,,
7418436,Charmander [1999-2000] #46,Pokemon Base Set,962,Ungraded,Normal wear,1,,,0,1,2026-03-06,2026-03-06,,,
2427419,Lugia [1st Edition] #20,Pokemon Neo Revelation,12899,Ungraded,Normal wear,1,,,0,1,2026-03-06,2026-03-06,,,
889704,Vibrava #40,Pokemon Power Keepers,288,Ungraded,Normal wear,1,,,0,1,2026-03-06,2026-03-06,,,
3295688,Butterfree [D Edition Error] #33,Pokemon Jungle,3348,Ungraded,Normal wear,1,,,0,1,2026-03-06,2026-03-06,,,
3561234,Butterfree [Tekno] #12,Pokemon 2000 Topps Chrome,27499,Ungraded,Normal wear,1,,,0,1,2026-03-06,2026-03-06,,,
2324921,Snubbull [1st Edition] #74,Pokemon Neo Genesis,220,Ungraded,Normal wear,1,,,0,1,2026-03-06,2026-03-06,,,
3560989,Butterfree #12,Pokemon 1999 Topps TV,249,Ungraded,Normal wear,1,,,0,1,2026-03-06,2026-03-06,,,
3560991,Butterfree [Rainbow Foil] #12,Pokemon 1999 Topps TV,1706,Ungraded,Normal wear,1,,,0,1,2026-03-06,2026-03-06,,,
2324854,Cyndaquil [1st Edition] #57,Pokemon Neo Genesis,1163,Ungraded,Normal wear,1,,,0,1,2026-03-06,2026-03-06,,,
630440,Farfetch'd #27,Pokemon Base Set,200,Ungraded,Normal wear,1,,,0,1,2026-03-06,2026-03-06,,,
3295688,Butterfree [D Edition Error] #33,Pokemon Jungle,3348,Ungraded,Normal wear,1,,,0,1,2026-03-06,2026-03-06,,,
2156492,Sabrina's Haunter [1st Edition] #58,Pokemon Gym Heroes,3635,Ungraded,Normal wear,1,,,0,1,2026-03-06,2026-03-06,,,
643301,Cubone #50,Pokemon Jungle,201,Ungraded,Normal wear,1,,,0,1,2026-03-06,2026-03-06,,,
842392,Ponyta #87,Pokemon Legendary Collection,167,Ungraded,Normal wear,1,,,0,1,2026-03-06,2026-03-06,,,
762385,Sentret #71,Pokemon Neo Genesis,199,Ungraded,Normal wear,1,,,0,1,2026-03-06,2026-03-06,,,
762364,Seadra #48,Pokemon Neo Genesis,177,Ungraded,Normal wear,1,,,0,1,2026-03-06,2026-03-06,,,
643392,Weepinbell [1st Edition] #48,Pokemon Jungle,349,Ungraded,Normal wear,1,,,0,1,2026-03-06,2026-03-06,,,
3560990,Butterfree [Foil] #12,Pokemon 1999 Topps TV,410,Ungraded,Normal wear,1,,,0,1,2026-03-06,2026-03-06,,,
849448,Numel #69,Pokemon Dragon,195,Ungraded,Normal wear,1,,,0,1,2026-03-06,2026-03-06,,,
9826383,Golbat[1999-2000] #34,Pokemon Fossil,300,Ungraded,Normal wear,1,,,0,1,2026-03-06,2026-03-06,,,
2156427,Sabrina's ESP [1st Edition] #117,Pokemon Gym Heroes,1799,Ungraded,Normal wear,1,,,0,1,2026-03-06,2026-03-06,,,
3295688,Butterfree [D Edition Error] #33,Pokemon Jungle,3348,Ungraded,Normal wear,1,,,0,1,2026-03-06,2026-03-06,,,
2324888,Mareep [1st Edition] #65,Pokemon Neo Genesis,305,Ungraded,Normal wear,1,,,0,1,2026-03-06,2026-03-06,,,
3457657,Magby #240,"Pokemon Japanese Gold, Silver, New World",260,Ungraded,Normal wear,1,,,0,1,2026-03-06,2026-03-06,,,
7418436,Charmander [1999-2000] #46,Pokemon Base Set,962,Ungraded,Normal wear,1,,,0,1,2026-03-06,2026-03-06,,,
3561144,Abra [Rainbow Foil] #63,Pokemon 1999 Topps TV,1201,Ungraded,Normal wear,1,,,0,1,2026-03-06,2026-03-06,,,
2386896,Potion [Trainer Deck A] #94,Pokemon Base Set,6944,Ungraded,Normal wear,1,,,0,1,2026-03-06,2026-03-06,,,
762365,Skiploom #49,Pokemon Neo Genesis,173,Ungraded,Normal wear,1,,,0,1,2026-03-06,2026-03-06,,,
886592,Raikou #22,Pokemon Neo Revelation,1526,Ungraded,Normal wear,1,,,0,1,2026-03-06,2026-03-06,,,
762457,Tyrogue #66,Pokemon Neo Discovery,149,Ungraded,Normal wear,1,,,0,1,2026-03-06,2026-03-06,,,
643299,Butterfree #33,Pokemon Jungle,249,Ungraded,Normal wear,1,,,0,1,2026-03-06,2026-03-06,,,
2324934,Togetic [1st Edition] #16,Pokemon Neo Genesis,11100,Ungraded,Normal wear,1,,,0,1,2026-03-06,2026-03-06,,,
630440,Farfetch'd #27,Pokemon Base Set,200,Ungraded,Normal wear,1,,,0,1,2026-03-06,2026-03-06,,,
889704,Vibrava #40,Pokemon Power Keepers,288,Ungraded,Normal wear,1,,,0,1,2026-03-06,2026-03-06,,,
643389,Venonat [1st Edition] #63,Pokemon Jungle,219,Ungraded,Normal wear,1,,,0,1,2026-03-06,2026-03-06,,,
630437,Charmeleon #24,Pokemon Base Set,229,Ungraded,Normal wear,1,,,0,1,2026-03-06,2026-03-06,,,
762369,Chikorita #53,Pokemon Neo Genesis,216,Ungraded,Normal wear,1,,,0,1,2026-03-06,2026-03-06,,,
849448,Numel #69,Pokemon Dragon,195,Ungraded,Normal wear,1,,,0,1,2026-03-06,2026-03-06,,,
762345,Aipom #26,Pokemon Neo Genesis,259,Ungraded,Normal wear,1,,,0,1,2026-03-06,2026-03-06,,,
