run_id,run_ts_utc,row_index,portfolio,category,set,set_code,set_id,api_set_name,number,number_norm,product_name,rarity,variance,grade,condition,quantity,avg_cost_paid_nok,collectr_market_nok,watchlist,date_added,pk_id,pk_name,pk_set_name,pk_set_code,pk_card_number,pk_rarity,tcg_market,tcg_low,tcg_mid,tcg_high,tcg_subtype,tcg_updated,tcgplayer_url,cmk_trend,cmk_avg,cmk_low,cmk_variant,cmk_updated,price_source,found,served_from,match_method,candidate,query
2026-10-02-180534,2026-10-02T16:05:34Z,111,Main,Pokemon,Lost Thunder,LOT,-113,Lost Thunder,54,54,Slowpoke,Common,Reverse Holofoil,Ungraded,Near Mint,1,0.0,226.61,false,2026-09-09,2d03e057e6e3be88c6cd23dbfbd0afc4d3d3a0fc1142f1170129ef5d2eb28d9e,Slowpoke,,LOT,54,,,,,,,,,,,,,,cardmarket,True,cache,set:name_exact+card:name_number,Shelgon - 054/113 (Delta Species) | 54/113 | DS,LOT 54
2026-10-02-180534,2026-10-02T16:05:34Z,85,Main,Pokemon,Gem Pack,CBB4C,-240,Gem Pack Vol.4,0702/09,702,Captain Pikachu (Poke Ball Pattern) (CN),Common,Holofoil,Ungraded,Near Mint,1,0.0,26.16,false,2026-09-22,,,,,,,,,,,,,,,,,,,,False,miss,set:name_partial+card:none,,Gem Pack Vol.4 0702
2026-10-02-180534,2026-10-02T16:05:34Z,86,Main,Pokemon,Gem Pack Vol. 5,CBB5C,-242,Gem Pack Vol.5,0103/07,103,Captain Pikachu (Star Reverse Holo) (CN),Uncommon,Reverse Holofoil,Ungraded,Near Mint,1,0.0,39.53,false,2026-09-22,,,,,,,,,,,,,,,,,,,,False,miss,set:name_exact+card:none,,Gem Pack Vol.5 0103
2026-10-02-180534,2026-10-02T16:05:34Z,1,Main,Pokemon,Ancient Roar,CS5.1C,-38,Ancient Roar,090/066,90,Roaring Moon ex (JP),Special Art Rare,Holofoil,Ungraded,Near Mint,1,0.0,379.41,false,2026-09-09,pk_b15b78a21cb16a19c9934d004b37011522a8e8b52386bb71544a8e585b45952c55bf11d1852e051cbd9a110a02c8c5,Roaring Moon ex - 090/066,SV4K: Ancient Roar,SV4K,090/066,Special Art Rare,40.63,38,40.63,70,Holofoil,2026-10-02T10:48:38.600272,https://www.tcgplayer.com/product/565845,,,,,,both,True,cache,set:name_exact+card:name_number,,Ancient Roar 090
2026-10-02-180534,2026-10-02T16:05:34Z,190,Main,Pokemon,Wild Force,CS6.1C,-42,Wild Force,080/071,80,Gastly (JP),Art Rare,Holofoil,Ungraded,Near Mint,1,0.0,298.27,false,2026-09-22,pk_51b7bb31edf1939b662c9533110216e8a78391e1406d01d0d33503aad9131294e8038a7e215494b2508f352fe7f9ef,Gastly - 080/071,SV5K: Wild Force,SV5K,080/071,Art Rare,37.36,33,38.45,200,Holofoil,2026-10-02T10:48:38.600272,https://www.tcgplayer.com/product/568414,,,,,,both,True,cache,set:name_exact+card:name_number,Medicham ex - 080/142 | 080/142 | SCR,Wild Force 080
2026-10-02-180534,2026-10-02T16:05:34Z,168,Main,Pokemon,Team Rocket,TR,1373,Team Rocket,17,17,Rainbow Energy (17),Holo Rare,Unlimited Holofoil,Ungraded,Near Mint,1,0.0,278.69,false,2026-09-09,pk_f3e9793a32fe072f5632e5f156bba775f9cb692b953be769991b53d4aed0a9d5dbc6910ad76ca744be005452,Rainbow Energy (17),Team Rocket,TR,17/82,Holo Rare,40.67,31.11,45.5,471.34,1st Edition Holofoil,2026-10-02T10:48:37.747076,https://www.tcgplayer.com/product/88550,,,,,,both,True,cache,set:name_exact+card:name_number,,1373 17
2026-10-02-180534,2026-10-02T16:05:34Z,107,Main,Pokemon,Legendary Collection,LC,1374,Legendary Collection,67,67,Abra,Common,Normal,Ungraded,Near Mint,1,0.0,10.11,false,2026-09-09,64758a9fba72ea94ca400f3642dfd462047ce2832943d1b05790c8a24daf7c4f,Abra,,LC,67,,,,,,,,,,,,,,cardmarket,True,cache,set:name_exact+card:name_number,,1374 67
2026-10-02-180534,2026-10-02T16:05:34Z,108,Main,Pokemon,Legendary Collection,LC,1374,Legendary Collection,69,69,Caterpie,Common,Normal,Ungraded,Near Mint,1,0.0,10.2,false,2026-09-09,0bff60d5f45980ce17d24f5825446e36c780b53bf24085665b5920ccf4116652,Caterpie,,LC,69,,,,,,,,,,,,,,cardmarket,True,cache,set:name_exact+card:name_number,,1374 69
2026-10-02-180534,2026-10-02T16:05:34Z,161,Main,Pokemon,Supreme Victors,SV,1384,Supreme Victors,8,8,Rayquaza C,Holo Rare,Holofoil,Ungraded,Near Mint,2,0.0,679.84,false,2026-09-09,pk_53542c3fd04fb92cd5a82cfa2eba564153cd487d9c80bcc1b4aca190c302f9b06d3c1c4a6a4411b8,Rayquaza C,Supreme Victors,SV,8,Holo Rare,70.62,399,400,499.99,Holofoil,2026-10-02T10:48:35.994816,https://www.tcgplayer.com/product/88639,,,,,,both,True,cache,set:name_exact+card:name_number,,1384 8
2026-10-02-180534,2026-10-02T16:05:34Z,142,Main,Pokemon,Noble Victories,NVI,1385,Noble Victories,73,73,Terrakion,Holo Rare,Holofoil,Ungraded,Near Mint,1,0.0,23.39,false,2026-09-09,pk_29af6af6f1579d15f2dc8fbf301d7dcced9a1799b83987267e30342e1bf204df419ec41619e15fae2397df4146,Terrakion,Noble Victories,NVI,73/101,Holo Rare,2.43,1.9,2.57,32.84,Holofoil,2026-10-02T10:48:35.994816,https://www.tcgplayer.com/product/89887,,,,,,both,True,cache,set:name_exact+card:name_number,,1385 73
2026-10-02-180534,2026-10-02T16:05:34Z,141,Main,Pokemon,Noble Victories,NVI,1385,Noble Victories,84,84,Cobalion,Holo Rare,Holofoil,Ungraded,Near Mint,1,0.0,15.6,false,2026-09-09,pk_33cb896ef57cbbe0d68f0df0b617bba574ae49a5bfbf93d1d417586c12beeb4c46097213d6aee86acd292a0134,Cobalion,Noble Victories,NVI,84/101,Holo Rare,1.62,1,1.62,27.24,Holofoil,2026-10-02T10:48:35.994816,https://www.tcgplayer.com/product/84378,,,,,,both,True,cache,set:name_exact+card:name_number,,1385 84
2026-10-02-180534,2026-10-02T16:05:34Z,191,Main,Pokemon,XY Base Set,XY,1387,XY Base Set,68,68,Sableye,Uncommon,Reverse Holofoil,Ungraded,Near Mint,1,0.0,28.69,false,2026-09-09,pk_b3f70dbc61dfa59040555de8fcd10439bad07c0f7bdbaeb1c250913f148f6e29693e771be436b2bfb1686c893d,Sableye,XY Base Set,XY,68/146,Uncommon,0.53,0.2,0.5,14.99,Normal,2026-10-02T10:48:34.951475,https://www.tcgplayer.com/product/88857,,,,,,both,True,cache,set:name_exact+card:name_number,,1387 68
2026-10-02-180534,2026-10-02T16:05:34Z,132,Main,Pokemon,Neo Revelation,N3,1389,Neo Revelation,17,17,Entei (17),Rare,Unlimited,Ungraded,Near Mint,1,0.0,204.18,false,2026-09-18,pk_a2178f6bd72942e0f3deafa700ac9da07409e5cbf5963f2060b67cd7203d72234ad97eec6e40d85b96bb966f,Entei (17),Neo Revelation,N3,17/64,Rare,82.23,35.89,82.48,848.84,1st Edition,2026-10-02T10:48:37.747076,https://www.tcgplayer.com/product/85269,,,,,,tcgplayer,True,cache,set:name_exact+card:name_number,,1389 17
2026-10-02-180534,2026-10-02T16:05:34Z,133,Main,Pokemon,Neo Revelation,N3,1389,Neo Revelation,18,18,Ho-oh,Rare,Unlimited,Ungraded,Near Mint,1,0.0,288.7,false,2026-09-18,pk_5218d78169cd302950269c4fb4739d0b3b2cce7dd477873ff2a2aa22516b021157b28dd95285f629eec7237d,Ho-oh (18),Neo Revelation,N3,18/64,Rare,117.89,54.99,120.84,9999,1st Edition,2026-10-02T10:48:37.747076,https://www.tcgplayer.com/product/86119,,,,,,tcgplayer,True,cache,set:name_exact+card:name_number,,1389 18
2026-10-02-180534,2026-10-02T16:05:34Z,134,Main,Pokemon,Neo Revelation,N3,1389,Neo Revelation,20,20,Lugia,Rare,Unlimited,Ungraded,Near Mint,1,0.0,602.34,false,2026-09-09,pk_7c352b230d2d259ab112797b5bef75c9e41525839963501e22b576261acc1cc20d71efc7b969dbae14e3170d,Lugia,Neo Revelation,N3,20/64,Rare,62.57,35,48.29,9999,Unlimited,2026-10-02T10:48:37.747076,https://www.tcgplayer.com/product/86904,,,,,,tcgplayer,True,cache,set:name_exact+card:name_number,,1389 20
2026-10-02-180534,2026-10-02T16:05:34Z,72,Main,Pokemon,EX Crystal Guardians,CG,1395,Crystal Guardians,64,64,Squirtle (64),Common,Normal,Ungraded,Near Mint,1,0.0,165.58,false,2026-09-09,pk_5a4bc5089043695ae6d3c18175d66b321dc2d9fdc445cdf61812a7b102de446b767e5d2e6e62f07d30f9e11549,Squirtle - 064/100,Crystal Guardians,CG,64/100,Common,17.2,4.18,16.77,96.27,Normal,2026-10-02T10:48:36.87607,https://www.tcgplayer.com/product/89492,,,,,,both,True,cache,set:name_fuzzy+card:name_number,,1395 64
2026-10-02-180534,2026-10-02T16:05:34Z,126,Main,Pokemon,Neo Genesis,N1,1396,Neo Genesis,57,57,Cyndaquil (57),Common,Unlimited,Ungraded,Near Mint,1,0.0,25.03,false,2026-09-09,pk_bfb8cfc6531175cd476d1b1f977a2a11de55edc419b184e945db3318471dfa971345194ed7aefa51384457c1aa,Cyndaquil (57),Neo Genesis,N1,057/111,Common,14.09,2.5,14.04,96.95,1st Edition,2026-10-02T10:48:37.747076,https://www.tcgplayer.com/product/84544,,,,,,tcgplayer,True,cache,set:name_exact+card:name_number,,N1 57
2026-10-02-180534,2026-10-02T16:05:34Z,128,Main,Pokemon,Neo Genesis,N1,1396,Neo Genesis,65,65,Mareep,Common,Unlimited,Ungraded,Near Mint,1,0.0,15.69,false,2026-09-09,pk_e4adcb9d0a11061a1d241a92586f8bed99896ce37b6ce0be661494253bd9e9ed4f003a8c0c73874ed687b0fd2a,Mareep,Neo Genesis,N1,065/111,Common,3.65,1.8,3.2,30,1st Edition,2026-10-02T10:48:37.747076,https://www.tcgplayer.com/product/87193,,,,,,tcgplayer,True,cache,set:name_exact+card:name_number,,N1 65
2026-10-02-180534,2026-10-02T16:05:34Z,129,Main,Pokemon,Neo Genesis,N1,1396,Neo Genesis,74,74,Snubbull,Common,Unlimited,Ungraded,Near Mint,1,0.0,7.03,false,2026-09-09,pk_aa787e8dc3ff3a4203b1e0768eb14cae7e9d09efa6b30aa1221901f2ac59f1ec943c7ebc9cc5ae5b03ba23e0e3,Snubbull,Neo Genesis,N1,074/111,Common,2.27,1,2.27,50,1st Edition,2026-10-02T10:48:37.747076,https://www.tcgplayer.com/product/89412,,,,,,tcgplayer,True,cache,set:name_exact+card:name_number,,N1 74
2026-10-02-180534,2026-10-02T16:05:34Z,127,Main,Pokemon,Neo Genesis,N1,1396,Neo Genesis,8,8,Kingdra,Holo Rare,Unlimited Holofoil,Ungraded,Near Mint,1,0.0,212.08,false,2026-09-09,,,,,,,,,,,,,,,,,,,,False,miss,set:name_exact+card:reject,Grass Energy | 108/111 | N1,Neo Genesis 8
2026-10-02-180534,2026-10-02T16:05:34Z,130,Main,Pokemon,Neo Genesis,N1,1396,Neo Genesis,80,80,Totodile (80),Common,Unlimited,Ungraded,Near Mint,1,0.0,18.48,false,2026-09-09,pk_fa6f1636ccd356a500d6a2af0720eda65816adaebd1fbacefaaa34f8e4f912587436ef87cfa8cf2ecd11ec4af1,Totodile (80),Neo Genesis,N1,080/111,Common,1.92,0.4,1.5,90,Unlimited,2026-10-02T10:48:37.747076,https://www.tcgplayer.com/product/89991,,,,,,tcgplayer,True,cache,set:name_exact+card:name_number,,N1 80
2026-10-02-180534,2026-10-02T16:05:34Z,82,Main,Pokemon,EX Unseen Forces,UF,1398,Unseen Forces,27/115,27,Ho-oh,Rare,Normal,Ungraded,Near Mint,1,0.0,63.62,false,2026-09-09,pk_62eed384aebb3470749ae32f6182b79013e340eb290a373b098b18c57f3b0f8b4d47084c06d64b7320270e40a3,Ho-Oh,Unseen Forces,UF,27/115,Rare,7.81,6.77,10.42,74.74,Normal,2026-10-02T10:48:36.87607,https://www.tcgplayer.com/product/86122,,,,,,both,True,cache,set:name_fuzzy+card:name_number,,1398 27
2026-10-02-180534,2026-10-02T16:05:34Z,81,Main,Pokemon,EX Unseen Forces,UF,1398,Unseen Forces,54/115,54,Cyndaquil,Common,Normal,Ungraded,Near Mint,1,0.0,25.03,false,2026-09-09,pk_00f37841c6bd4ab2ce421090745d1f2d849d935d0039943b7d9e8b3cf7f0d4e20abd27dcf2a93ad167fd7c7444,Cyndaquil,Unseen Forces,UF,54/115,Common,2.6,0.4,1.99,44.6,Normal,2026-10-02T10:48:36.87607,https://www.tcgplayer.com/product/84550,,,,,,both,True,cache,set:name_fuzzy+card:name_number,,1398 54
2026-10-02-180534,2026-10-02T16:05:34Z,185,Main,Pokemon,Undaunted,UD,1403,Undaunted,10,10,Umbreon,Holo Rare,Holofoil,Ungraded,Near Mint,1,0.0,932.15,false,2026-09-09,pk_a2bba8e9e05f3edc963632ced6b84410adfb96ba54c9d82dc7b6cbbaba99d12fb7ead9923ba1651bd0bbc06b,Umbreon,Undaunted,UD,10/90,Holo Rare,96.83,90,102.48,679.34,Holofoil,2026-10-02T10:48:35.994816,https://www.tcgplayer.com/product/90145,,,,,,both,True,cache,set:name_exact+card:name_number,,1403 10
2026-10-02-180534,2026-10-02T16:05:34Z,109,Main,Pokemon,Legendary Treasures,LTR,1409,Legendary Treasures,15,15,Virizion,Holo Rare,Holofoil,Ungraded,Near Mint,1,0.0,16.37,false,2026-09-09,pk_b6ec8b056fe45cccee2b5c65490dff417cde2717807cf5a3f2118655482d11fc65ffaced33f37c4a1c70ddf8fb,Virizion,Legendary Treasures,LTR,15/113,Holo Rare,1.7,0.99,1.61,49.99,Holofoil,2026-10-02T10:48:34.951475,https://www.tcgplayer.com/product/90391,,,,,,both,True,cache,set:name_exact+card:name_number,,1409 15
2026-10-02-180534,2026-10-02T16:05:34Z,74,Main,Pokemon,EX Emerald,EM,1410,Emerald,102,102,Fire Energy,Holo Rare,Holofoil,Ungraded,Near Mint,1,0.0,196.19,false,2026-09-09,pk_2d41fe6f6139544ef4c99bbda7da1321e6c2473445123eba8fb5665a1ac2c34d3c87ba43f30fdc46876ce8b5b577,Fire Energy,Emerald,EM,102/106,Holo Rare,17.6,12.65,19.21,184.24,Normal,2026-10-02T10:48:36.87607,https://www.tcgplayer.com/product/85459,,,,,,both,True,cache,set:name_fuzzy+card:name_number,,1410 102
2026-10-02-180534,2026-10-02T16:05:34Z,156,Main,Pokemon,Plasma Storm,PLS,1413,Plasma Storm,126,126,Virbank City Gym,Uncommon,Reverse Holofoil,Ungraded,Near Mint,1,0.0,52.66,false,2026-09-09,pk_de79b0b95e8292740c0042a5d1a751ba4b4488dd327a543d06b2e9e4e855427d379c79dd1d83ed3284d479d87410,Virbank City Gym,Plasma Storm,PLS,126/135,Uncommon,5.13,3,5,47.14,Normal,2026-10-02T10:48:34.951475,https://www.tcgplayer.com/product/90385,,,,,,both,True,cache,set:name_exact+card:name_number,,1413 126
2026-10-02-180534,2026-10-02T16:05:34Z,77,Main,Pokemon,EX Hidden Legends,HL,1416,Hidden Legends,60,60,Doduo,Common,Normal,Ungraded,Near Mint,1,0.0,3.47,false,2026-09-09,pk_fd55e9b969ae651b8fa7e8e5266a9b19f4878b62f396394f68617090ad2e35707fdf137feef3622030025b6357,Doduo,Hidden Legends,HL,60/101,Common,0.36,0.1,0.32,19.82,Normal,2026-10-02T10:48:36.87607,https://www.tcgplayer.com/product/84860,,,,,,both,True,cache,set:name_fuzzy+card:name_number,,1416 60
2026-10-02-180534,2026-10-02T16:05:34Z,110,Main,Pokemon,Legends Awakened,LA,1417,Legends Awakened,52,52,Dragonair,Uncommon,Normal,Ungraded,Near Mint,1,0.0,124.76,false,2026-09-10,pk_8a5b982b9d66dfb7a2f80c28eb6f28939fe2bb3d8f9bc9ce315cb685e007f425185a8c93eb6253e66d5521401a,Dragonair,Legends Awakened,LA,52/146,Uncommon,12.96,6.2,9.71,109.74,Normal,2026-10-02T10:48:35.994816,https://www.tcgplayer.com/product/84900,,,,,,both,True,cache,set:name_exact+card:name_number,,1417 52
2026-10-02-180534,2026-10-02T16:05:34Z,75,Main,Pokemon,EX FireRed & LeafGreen,RG,1419,FireRed & LeafGreen,46,46,Poliwhirl,Uncommon,Reverse Holofoil,Ungraded,Near Mint,1,0.0,492.12,false,2026-09-16,pk_7e69972295f1bdf2aa0b87d8423ec9f4692d6bf91ea90b3fcf9bca02ce73f96421c30587a05530932f6f8bf58d,Poliwhirl,FireRed & LeafGreen,RG,46/112,Uncommon,4.62,4.91,20,35,Normal,2026-10-02T10:48:36.87607,https://www.tcgplayer.com/product/88265,,,,,,both,True,cache,set:name_fuzzy+card:name_number,,1419 46
2026-10-02-180534,2026-10-02T16:05:34Z,76,Main,Pokemon,EX FireRed & LeafGreen,RG,1419,FireRed & LeafGreen,78,78,Seel,Common,Normal,Ungraded,Near Mint,1,0.0,4.81,false,2026-09-09,pk_4f7665e05b3800de8173476326fccbe6afe2f7dc2ddfd0483eddc541869cdcda3a3001ea292dbe2986c919a6e7,Seel,FireRed & LeafGreen,RG,78/112,Common,0.49,0.1,0.57,16.7,Normal,2026-10-02T10:48:36.87607,https://www.tcgplayer.com/product/89052,,,,,,both,True,cache,set:name_fuzzy+card:name_number,,1419 78
2026-10-02-180534,2026-10-02T16:05:34Z,73,Main,Pokemon,EX Delta Species,DS,1429,Delta Species,41,41,Dragonair,Uncommon,Normal,Ungraded,Near Mint,1,0.0,69.99,false,2026-09-09,dc964117624a66a340572753e70c3911df2a612d13b00a1a1a81a2b5fe867f45,Dragonair δ Delta Species,,DS,41,,,,,,,,,,,,,,cardmarket,True,cache,set:name_fuzzy+card:set_number,,1429 41
2026-10-02-180534,2026-10-02T16:05:34Z,54,Main,Pokemon,Diamond and Pearl,DP,1430,Diamond and Pearl,117,117,Energy Search,Common,Normal,Ungraded,Near Mint,1,0.0,1.73,false,2026-09-09,pk_627f265dd3440d20a05ef0dcd6bbec10d568ec410646c19b78dbbc823804e63489ab9dfeb34e931ccfe78ad24e16,Energy Search,Diamond and Pearl,DP,117/130,Common,0.18,0.02,0.22,19.82,Normal,2026-10-02T10:48:36.87607,https://www.tcgplayer.com/product/85245,,,,,,both,True,cache,set:name_exact+card:name_number,,1430 117
2026-10-02-180534,2026-10-02T16:05:34Z,55,Main,Pokemon,Diamond and Pearl,DP,1430,Diamond and Pearl,117,117,Energy Search,Common,Reverse Holofoil,Ungraded,Near Mint,1,0.0,11.36,false,2026-09-09,pk_627f265dd3440d20a05ef0dcd6bbec10d568ec410646c19b78dbbc823804e63489ab9dfeb34e931ccfe78ad24e16,Energy Search,Diamond and Pearl,DP,117/130,Common,0.18,0.02,0.22,19.82,Normal,2026-10-02T10:48:36.87607,https://www.tcgplayer.com/product/85245,,,,,,both,True,cache,set:name_exact+card:name_number,,1430 117
2026-10-02-180534,2026-10-02T16:05:34Z,53,Main,Pokemon,Diamond and Pearl,DP,1430,Diamond and Pearl,43,43,Budew,Uncommon,Normal,Ungraded,Near Mint,1,0.0,43.99,false,2026-09-10,pk_edbbf2c21eaaaefb3f0d1d60c919372329675b3d2bb64627fab910861cdacd46e47871441b8082e8d8dfb3e8c4,Budew,Diamond and Pearl,DP,43/130,Uncommon,4.57,0.99,3,52.94,Normal,2026-10-02T10:48:36.87607,https://www.tcgplayer.com/product/84010,,,,,,both,True,cache,set:name_exact+card:name_number,,1430 43
2026-10-02-180534,2026-10-02T16:05:34Z,125,Main,Pokemon,Neo Discovery,N2,1434,Neo Discovery,32,32,Umbreon (32),Rare,Unlimited,Ungraded,Near Mint,1,0.0,1018.31,false,2026-09-09,pk_ed3624519e47271257a82a3f6a3f932f50dad08b11a8244c3c2ca9103cd37f6356994c8ee8228cd98a12a01b,Umbreon (32),Neo Discovery,N2,32/75,Rare,300,300,448.97,499.98,1st Edition,2026-10-02T10:48:37.747076,https://www.tcgplayer.com/product/90142,,,,,,tcgplayer,True,cache,set:name_exact+card:name_number,,1434 32
2026-10-02-180534,2026-10-02T16:05:34Z,124,Main,Pokemon,Neo Discovery,N2,1434,Neo Discovery,66,66,Tyrogue,Common,Unlimited,Ungraded,Near Mint,1,0.0,11.07,false,2026-09-09,pk_cac6e18a7e92b7abc0fad72666632c2ab9ea52faae88fb360ae74fccd6961a2fba8edf81f3deee1731ec78be,Tyrogue,Neo Discovery,N2,66/75,Common,3.29,1.86,3.77,32.12,1st Edition,2026-10-02T10:48:37.747076,https://www.tcgplayer.com/product/90128,,,,,,tcgplayer,True,cache,set:name_exact+card:name_number,,1434 66
2026-10-02-180534,2026-10-02T16:05:34Z,89,Main,Pokemon,Gym Heroes,G1,1441,Gym Heroes,106,106,Brock's Training Method,Uncommon,Unlimited,Ungraded,Near Mint,1,0.0,10.97,false,2026-09-09,pk_6b727457ca0fe15c2fc1455db4d1de85bc326f2dede3de89c8e16022f7b6e5d6c5f6651d12bc8ea471b8267db956,Brock's Training Method,Gym Heroes,G1,106/132,Uncommon,1.14,0.35,1,5,Unlimited,2026-10-02T10:48:37.747076,https://www.tcgplayer.com/product/83985,,,,,,tcgplayer,True,cache,set:name_exact+card:name_number,,1441 106
2026-10-02-180534,2026-10-02T16:05:34Z,92,Main,Pokemon,Gym Heroes,G1,1441,Gym Heroes,123,123,Misty's Duel,Common,Unlimited,Ungraded,Near Mint,1,0.0,24.07,false,2026-09-09,pk_1f77393ac0c2cff342ce80e4f83d4b039d455da883d5c5279fddab9181415ee12a7a859d522a2813dc92f31dccc6,Misty's Duel,Gym Heroes,G1,123/132,Common,5.42,2.2,6,52.94,1st Edition,2026-10-02T10:48:37.747076,https://www.tcgplayer.com/product/87527,,,,,,tcgplayer,True,cache,set:name_exact+card:name_number,,1441 123
2026-10-02-180534,2026-10-02T16:05:34Z,91,Main,Pokemon,Gym Heroes,G1,1441,Gym Heroes,130,130,Lightning Energy,Common,Unlimited,Ungraded,Near Mint,1,0.0,3.95,false,2026-09-09,pk_31445d60b6bb5b719f38c2fbfb7ec1ad316c2c0608bde333ce4c6d61430ed40e39e44c7a49e2d9e775fcad6fba70,Lightning Energy,Gym Heroes,G1,130/132,Common,2.11,0.45,1.5,95.24,1st Edition,2026-10-02T10:48:37.747076,https://www.tcgplayer.com/product/86757,,,,,,tcgplayer,True,fetched,set:name_exact+card:name_number,,1441 130
2026-10-02-180534,2026-10-02T16:05:34Z,90,Main,Pokemon,Gym Heroes,G1,1441,Gym Heroes,43,43,Erika's Exeggcute (43),Uncommon,1st Edition,Ungraded,Near Mint,1,0.0,60.07,false,2026-09-09,pk_ce2f5fe6baf2c2ee69cc6351f20132fd26d97c44ae91ab0c41c80d8b84522dc955466e9fcf916deadb08659552,Erika's Exeggcute (43),Gym Heroes,G1,043/132,Uncommon,6.24,3.52,6.97,58.46,1st Edition,2026-10-02T10:48:37.747076,https://www.tcgplayer.com/product/85292,,,,,,tcgplayer,True,fetched,set:name_exact+card:name_number,,G1 43
2026-10-02-180534,2026-10-02T16:05:34Z,88,Main,Pokemon,Gym Heroes,G1,1441,Gym Heroes,69,69,Brock's Onix (69),Common,Unlimited,Ungraded,Near Mint,1,0.0,16.75,false,2026-09-09,pk_77be89039c43b92eb361e15926069a70eec974f076112c64c03e232933427d1f44e3e9f182680b2e3cede82ff4,Brock's Onix (69),Gym Heroes,G1,069/132,Common,1.74,0.39,1,96.95,Unlimited,2026-10-02T10:48:37.747076,https://www.tcgplayer.com/product/83975,,,,,,tcgplayer,True,fetched,set:name_exact+card:name_number,,G1 69
2026-10-02-180534,2026-10-02T16:05:34Z,123,Main,Pokemon,Neo Destiny,N4,1444,Neo Destiny,50,50,Light Ninetales,Uncommon,Unlimited,Ungraded,Near Mint,1,0.0,273.01,false,2026-09-18,pk_90c9aa90e01303ed97e47d1e17aa299194980574c93cabb92c989d8d47e184978f3557370507513063a9073903,Light Ninetales,Neo Destiny,N4,050/105,Uncommon,28.55,15,41,129.3,Unlimited,2026-10-02T10:48:37.747076,https://www.tcgplayer.com/product/86746,,,,,,tcgplayer,True,fetched,set:name_exact+card:name_number,,N4 50
2026-10-02-180534,2026-10-02T16:05:34Z,32,Main,Pokemon,BREAKthrough,BKT,1661,XY - BREAKthrough,69,69,Kirlia,Uncommon,Normal,Ungraded,Near Mint,1,0.0,3.95,false,2026-09-10,pk_04165b50e725d66eaffee189b9831eb4bc37ce0151511eeb25343f2dbd1324df881f1263efdfe8e9f4d6d764b4d7,Kirlia,XY - BREAKthrough,BKT,69/162,Uncommon,0.42,0.12,0.37,16.36,Normal,2026-10-02T10:48:34.951475,https://www.tcgplayer.com/product/107188,,,,,,both,True,fetched,set:name_suffix+card:name_number,,1661 69
2026-10-02-180534,2026-10-02T16:05:34Z,45,Main,Pokemon,Crown Zenith: Galarian Gallery,CRZ:GG,17689,Crown Zenith: Galarian Gallery,GG60/GG70,gg60,Cynthia's Ambition,Ultra Rare,Holofoil,Ungraded,Near Mint,1,0.0,225.65,false,2026-09-09,pk_712127e0870de9b9252d990b063298a6bf7ead2d0c0611226a78d2dfa663b50f959f345622031ee5a493e7c69215344b81b6,Cynthia's Ambition,Crown Zenith: Galarian Gallery,CRZ:GG,GG60/GG70,Ultra Rare,23.17,19.95,27,186.92,Holofoil,2026-10-02T10:48:30.269288,https://www.tcgplayer.com/product/477052,,,,,,tcgplayer,True,fetched,set:name_exact+card:name_number,,17689 GG60
2026-10-02-180534,2026-10-02T16:05:34Z,48,Main,Pokemon,Deck Exclusives,PR,1840,Deck Exclusives,013/086,13,Delphox - 013/086 (Non-Holo),Holo Rare,Normal,Ungraded,Near Mint,1,0.0,21.08,false,2026-09-09,pk_03ebb83d14b57b84681330d01e499341acafbe5e177020f9097fd22604a6e0ca355c8c49915557fa142dd1ad4323,Delphox - 13/124 (XY Fates Collide),Deck Exclusives,PR,013/124,Rare,0.58,0.19,0.53,1.99,Normal,2026-10-02T10:48:33.887012,https://www.tcgplayer.com/product/123465,,,,,,tcgplayer,True,fetched,set:name_exact+card:name_number,,1840 013
2026-10-02-180534,2026-10-02T16:05:34Z,47,Main,Pokemon,Deck Exclusives,PR,1840,Deck Exclusives,029/086,29,Ampharos - 029/086 (Non-Holo),Rare,Normal,Ungraded,Near Mint,1,0.0,14.83,false,2026-09-09,pk_36201a98df0c9ae78b81ef0cc27a69e9ffeeadd3745e7909a7a7988e6493efd80af368b35bc12fc354e5a1b2a2a2,Empoleon - 29/108 (Battle Arena Deck Exclusive),Deck Exclusives,PR,029/108,Rare,1.97,0.8,1.12,96.95,Normal,2026-10-02T10:48:33.887012,https://www.tcgplayer.com/product/177163,,,,,,tcgplayer,True,fetched,set:name_exact+card:set_number,,1840 029
2026-10-02-180534,2026-10-02T16:05:34Z,49,Main,Pokemon,Deck Exclusives,PR,1840,Deck Exclusives,008/102,8,Machamp,Holo Rare,1st Edition Holofoil,Ungraded,Near Mint,1,0.0,238.93,false,2026-09-09,pk_8c7b7d6e3edf91d796bbfd511ca99f2d9c72ee3088563624ad03d5c24ce4298026540a64ba52a45de8a82138bd,Noctowl - 8/123 (HeartGold & SoulSilver),Deck Exclusives,PR,008/123,Rare,2.39,0.75,1.23,31.14,Normal,2026-10-02T10:48:33.887012,https://www.tcgplayer.com/product/125037,,,,,,tcgplayer,True,fetched,set:name_exact+card:set_number,,1840 008
2026-10-02-180534,2026-10-02T16:05:34Z,71,Main,Pokemon,Evolutions,EVO,1842,XY - Evolutions,14/108,14,Vulpix,Common,Normal,Ungraded,Near Mint,1,0.0,2.12,false,2026-09-09,pk_f439ddf01cdda1c193e07b1f7a8579f754d5d6799b046e6a4f340a57c175af830cfb2bfed332fe3d999c2ee69b76,Vulpix,XY - Evolutions,EVO,14/108,Common,0.22,0.01,0.25,14.21,Normal,2026-10-02T10:48:33.887012,https://www.tcgplayer.com/product/124027,,,,,,both,True,fetched,set:name_suffix+card:name_number,,1842 14
2026-10-02-180534,2026-10-02T16:05:34Z,64,Main,Pokemon,Evolutions,EVO,1842,XY - Evolutions,23/108,23,Poliwag,Common,Reverse Holofoil,Ungraded,Near Mint,1,0.0,5.2,false,2026-09-09,pk_0819f6da2d6e7da5c76e543c5dd6dc4f3162bc64b8d4e66c8539362415507e67e817a0c81388b1fefac1d7a780af,Poliwag,XY - Evolutions,EVO,23/108,Common,0.21,0.01,0.22,17.74,Normal,2026-10-02T10:48:33.887012,https://www.tcgplayer.com/product/124036,,,,,,both,True,fetched,set:name_suffix+card:name_number,,1842 23
2026-10-02-180534,2026-10-02T16:05:34Z,65,Main,Pokemon,Evolutions,EVO,1842,XY - Evolutions,23/108,23,Poliwag,Common,Normal,Ungraded,Near Mint,2,0.0,2.02,false,2026-09-09,pk_0819f6da2d6e7da5c76e543c5dd6dc4f3162bc64b8d4e66c8539362415507e67e817a0c81388b1fefac1d7a780af,Poliwag,XY - Evolutions,EVO,23/108,Common,0.21,0.01,0.22,17.74,Normal,2026-10-02T10:48:33.887012,https://www.tcgplayer.com/product/124036,,,,,,both,True,fetched,set:name_suffix+card:name_number,,1842 23
2026-10-02-180534,2026-10-02T16:05:34Z,58,Main,Pokemon,Evolutions,EVO,1842,XY - Evolutions,29/108,29,Dewgong,Rare,Normal,Ungraded,Near Mint,1,0.0,2.12,false,2026-09-09,pk_b2598173a2061059e0ff134c979798d7e40d466d4b1ee6d98c57795859e75f60112609cde97b3bd1926f239a0301,Dewgong,XY - Evolutions,EVO,29/108,Rare,0.22,0.05,0.25,35,Normal,2026-10-02T10:48:33.887012,https://www.tcgplayer.com/product/124042,,,,,,both,True,fetched,set:name_suffix+card:name_number,,1842 29
2026-10-02-180534,2026-10-02T16:05:34Z,70,Main,Pokemon,Evolutions,EVO,1842,XY - Evolutions,39/108,39,Voltorb,Common,Normal,Ungraded,Near Mint,2,0.0,1.64,false,2026-09-09,pk_1a97ca0d3795ebb70e28f553d93ef3bda9d89b5bfa09c74c39829ef3bb488ce964eda7f6cb428e5c4445eebf8735,Voltorb,XY - Evolutions,EVO,39/108,Common,0.17,0.01,0.2,18.86,Normal,2026-10-02T10:48:33.887012,https://www.tcgplayer.com/product/124052,,,,,,both,True,fetched,set:name_suffix+card:name_number,,1842 39
2026-10-02-180534,2026-10-02T16:05:34Z,63,Main,Pokemon,Evolutions,EVO,1842,XY - Evolutions,4/108,4,Metapod,Uncommon,Normal,Ungraded,Near Mint,1,0.0,2.21,false,2026-09-09,pk_a799e04fc2c560e3ea4f7393942f49dfe800aa4842aed40122c90e0fcc57c30eee64a5b7ee52f5e1e7ebf47f32,Metapod,XY - Evolutions,EVO,4/108,Uncommon,0.23,0.03,0.25,19.82,Normal,2026-10-02T10:48:33.887012,https://www.tcgplayer.com/product/124017,,,,,,both,True,fetched,set:name_suffix+card:name_number,,1842 4
2026-10-02-180534,2026-10-02T16:05:34Z,59,Main,Pokemon,Evolutions,EVO,1842,XY - Evolutions,55/108,55,Diglett,Common,Normal,Ungraded,Near Mint,1,0.0,1.06,false,2026-09-09,pk_1efb59dca55f4689b273a98c63edab3a34cf74f70db5330bedf49250bf4ec3872aa443ba30e16f6e03843f08985c,Diglett,XY - Evolutions,EVO,55/108,Common,0.11,0.01,0.2,14.16,Normal,2026-10-02T10:48:33.887012,https://www.tcgplayer.com/product/124068,,,,,,both,True,fetched,set:name_suffix+card:name_number,,1842 55
2026-10-02-180534,2026-10-02T16:05:34Z,62,Main,Pokemon,Evolutions,EVO,1842,XY - Evolutions,57/108,57,Machop,Common,Normal,Ungraded,Near Mint,1,0.0,1.83,false,2026-09-09,pk_c36c6e58796bca5e44144f023bfacdd05c068c8a10ab281049109b750884a5a984479434012ef3c73acffb09d2bf,Machop,XY - Evolutions,EVO,57/108,Common,0.19,0.01,0.2,15,Normal,2026-10-02T10:48:33.887012,https://www.tcgplayer.com/product/124070,,,,,,both,True,fetched,set:name_suffix+card:name_number,,1842 57
2026-10-02-180534,2026-10-02T16:05:34Z,66,Main,Pokemon,Evolutions,EVO,1842,XY - Evolutions,67/108,67,Raticate,Rare,Normal,Ungraded,Near Mint,2,0.0,1.64,false,2026-09-09,pk_eb56671063893b0b293ca4c109207c2a54194a1680d79dbeb6f2c1b143c480747764b69e8d90a7d40860766d47de,Raticate,XY - Evolutions,EVO,67/108,Rare,0.17,0.05,0.24,15.42,Normal,2026-10-02T10:48:33.887012,https://www.tcgplayer.com/product/124080,,,,,,both,True,fetched,set:name_suffix+card:name_number,,1842 67
2026-10-02-180534,2026-10-02T16:05:34Z,60,Main,Pokemon,Evolutions,EVO,1842,XY - Evolutions,69/108,69,Doduo,Common,Normal,Ungraded,Near Mint,1,0.0,1.73,false,2026-09-09,pk_fd41e9060e306f05974f417cbbc0c2e591921d9a77ac25027178757139e80af53d24a8d62de42ca03290d6792606,Doduo,XY - Evolutions,EVO,69/108,Common,0.18,0.03,0.2,14.18,Normal,2026-10-02T10:48:33.887012,https://www.tcgplayer.com/product/124082,,,,,,both,True,fetched,set:name_suffix+card:name_number,,1842 69
2026-10-02-180534,2026-10-02T16:05:34Z,56,Main,Pokemon,Evolutions,EVO,1842,XY - Evolutions,7/108,7,Beedrill,Rare,Normal,Ungraded,Near Mint,1,0.0,2.5,false,2026-09-09,pk_1fcf283e441b3342c433bb78ebbb1fcff79f5451922691cede9e88e699e5b2f5d541cfae9bdc4b5111fea25a4b,Beedrill,XY - Evolutions,EVO,7/108,Rare,0.27,0.02,0.28,19.46,Normal,2026-10-02T10:48:33.887012,https://www.tcgplayer.com/product/124020,,,,,,both,True,fetched,set:name_suffix+card:name_number,,1842 7
2026-10-02-180534,2026-10-02T16:05:34Z,68,Main,Pokemon,Evolutions,EVO,1842,XY - Evolutions,8/108,8,Tangela,Common,Normal,Ungraded,Near Mint,2,0.0,2.31,false,2026-09-09,pk_e9820aa9b912c585fe96eda94d5d0b368cffb3fde8c7d4027de48e08fe0ab2b5516f5edda651675dd4bf8b1d1d,Tangela,XY - Evolutions,EVO,8/108,Common,0.24,0.01,0.23,15.84,Normal,2026-10-02T10:48:33.887012,https://www.tcgplayer.com/product/124021,,,,,,both,True,fetched,set:name_suffix+card:name_number,,1842 8
2026-10-02-180534,2026-10-02T16:05:34Z,67,Main,Pokemon,Evolutions,EVO,1842,XY - Evolutions,86/108,86,Slowbro Spirit Link,Uncommon,Reverse Holofoil,Ungraded,Near Mint,1,0.0,9.53,false,2026-09-09,pk_8bc5fc0280dff1f92b5cc5e5353a66bf978063e4814ee3799a913bb1ac9c35473582d6a7716a6c965adcd5cbaac4,Slowbro Spirit Link,XY - Evolutions,EVO,86/108,Uncommon,0.28,0.02,0.27,14.29,Normal,2026-10-02T10:48:33.887012,https://www.tcgplayer.com/product/124099,,,,,,both,True,fetched,set:name_suffix+card:name_number,,1842 86
2026-10-02-180534,2026-10-02T16:05:34Z,69,Main,Pokemon,Evolutions,EVO,1842,XY - Evolutions,89/108,89,Venusaur Spirit Link,Uncommon,Normal,Ungraded,Near Mint,1,0.0,2.31,false,2026-09-09,pk_c88e0902038bc125dac7920aadab4eb4562e6a8246cb47d38759aee34d7333a0ec0282e342155ce79c45cfbe93ef,Venusaur Spirit Link,XY - Evolutions,EVO,89/108,Uncommon,0.24,0.04,0.25,19.82,Normal,2026-10-02T10:48:33.887012,https://www.tcgplayer.com/product/124102,,,,,,both,True,fetched,set:name_suffix+card:name_number,,1842 89
2026-10-02-180534,2026-10-02T16:05:34Z,61,Main,Pokemon,Evolutions,EVO,1842,XY - Evolutions,94/108,94,Lightning Energy,Common,Reverse Holofoil,Ungraded,Near Mint,1,0.0,21.85,false,2026-09-09,pk_8234acc2fcc1778fb8c6b2d33fd8c102de546b453ebfafaa50b5f89aef82e76e1cbd26294c5ce947043983b707ed,Lightning Energy,XY - Evolutions,EVO,94/108,Common,0.21,0.06,0.24,19.12,Normal,2026-10-02T10:48:33.887012,https://www.tcgplayer.com/product/124107,,,,,,both,True,fetched,set:name_suffix+card:name_number,,1842 94
2026-10-02-180534,2026-10-02T16:05:34Z,57,Main,Pokemon,Evolutions,EVO,1842,XY - Evolutions,97/108,97,Darkness Energy,Common,Reverse Holofoil,Ungraded,Near Mint,1,0.0,96.36,false,2026-09-09,pk_f9d9d0eae7cf3282639a7250f3cb86f63aac08c6d172f11afe8d113afc8879f7ed7d6a684a9bbfd911dee7a3cbe1,Darkness Energy,XY - Evolutions,EVO,97/108,Common,1.5,0.98,1.49,24.52,Normal,2026-10-02T10:48:33.887012,https://www.tcgplayer.com/product/124110,,,,,,both,True,fetched,set:name_suffix+card:name_number,,1842 97
2026-10-02-180534,2026-10-02T16:05:34Z,159,Main,Pokemon,Scarlet & Violet Base Set,SVI,22873,SV01: Scarlet & Violet Base Set,253/198,253,Miraidon ex,Hyper Rare,Holofoil,Ungraded,Near Mint,1,0.0,73.64,false,2026-09-09,pk_363201270d4afa467e4be33a8351a5f4b2f358887f1383b2db03bceaf749122fce4a599f009bb58ea6e1c5a5197b7dd6,Miraidon ex - 253/198,SV01: Scarlet & Violet Base Set,SVI,253/198,Hyper Rare,7.65,5,8,161.2,Holofoil,2026-10-02T10:48:30.269288,https://www.tcgplayer.com/product/490043,,,,,,tcgplayer,True,fetched,set:name_suffix+card:name_number,,22873 253
2026-10-02-180534,2026-10-02T16:05:34Z,24,Main,Pokemon,Blister Exclusives,BLE,2289,Blister Exclusives,13/101,13,Virizion,Holo Rare,Holofoil,Ungraded,Near Mint,1,0.0,76.82,false,2026-09-09,pk_9f89b162479d4911badac9a6eaf65234a26d104f06ba8ede8274f754bc04fbacb145ad5811178c2a081e206102,Virizion,Noble Victories,NVI,13/101,Holo Rare,1.98,0.95,1.99,24.74,Holofoil,2026-10-02T10:48:35.994816,https://www.tcgplayer.com/product/90388,,,,,,tcgplayer,True,fetched,set:name_exact+card:name_number,Copperajah - 137/202 (Non-Holo Gamestop Exclusive) | 137/202 | BLE,BLE 13
2026-10-02-180534,2026-10-02T16:05:34Z,23,Main,Pokemon,Blister Exclusives,BLE,2289,Blister Exclusives,060/193,60,Baxcalibur (Cosmos Holo),Promo,Holofoil,Ungraded,Near Mint,1,0.0,4.52,false,2026-09-09,pk_e34ef3412397fc0f79c6168194b12f5e4fc2c775d1d72c7716984574a43cb613c06b2802d789fb6594a7ad0c228a,Baxcalibur - 060/193 (Cosmos Holo),Blister Exclusives,BLE,060/193,Promo,0.46,0.25,0.5,1000,Holofoil,2026-10-02T10:48:37.747076,https://www.tcgplayer.com/product/555880,,,,,,tcgplayer,True,fetched,set:name_exact+card:name_number,,2289 060
2026-10-02-180534,2026-10-02T16:05:34Z,143,Main,Pokemon,Paldea Evolved,PAL,23120,SV02: Paldea Evolved,196/193,196,Sprigatito,Illustration Rare,Holofoil,Ungraded,Near Mint,1,0.0,550.55,false,2026-09-09,pk_0b82b4bba94c0731a12e2a86dfa75a49cd70740b92439abe5dc340aae8ea8a39142f74b3d40a22e876d4c87cef9aa2cb,Sprigatito - 196/193,SV02: Paldea Evolved,PAL,196/193,Illustration Rare,57.19,44.95,59.99,850.9,Holofoil,2026-10-02T10:48:30.269288,https://www.tcgplayer.com/product/497599,,,,,,both,True,fetched,set:name_suffix+card:name_number,,23120 196
2026-10-02-180534,2026-10-02T16:05:34Z,166,Main,Pokemon,SV: 151,MEW,23237,SV: Scarlet & Violet 151,007,7,Basic Darkness Energy (Cosmos Holo),Common,Holofoil,Ungraded,Near Mint,1,0.0,13.09,false,2026-09-09,pk_6f4137bf148368ce862425e9deaa1fc4231c4e827977de635e2dd8b4a5d5a7ed4bae15c87d86070a2436169a2db2,Squirtle - 007/165,SV: Scarlet & Violet 151,MEW,007/165,Common,0.29,0.05,0.27,18.38,Normal,2026-10-02T10:48:30.269288,https://www.tcgplayer.com/product/502548,,,,,,both,True,fetched,set:name_exact+card:set_number,,23237 007
2026-10-02-180534,2026-10-02T16:05:34Z,179,Main,Pokemon,Trick or Trade BOOster Bundle 2023,TTBB23,23266,Trick or Trade BOOster Bundle 2023,017/196,17,Trevenant,Holo Rare,Holofoil,Ungraded,Near Mint,1,0.0,1.64,false,2026-09-09,pk_c785c6645803cad844ffa0348402d59762906a8400b0d0b60affb2baa33715a1be0eaf9d4716593c1cfa8590879ef2,Trevenant,Trick or Trade BOOster Bundle 2023,TTBB23,017/196,Holo Rare,0.16,0.02,0.2,19.82,Holofoil,2026-10-02T10:48:30.269288,https://www.tcgplayer.com/product/515648,,,,,,both,True,fetched,set:name_exact+card:name_number,,23266 017
2026-10-02-180534,2026-10-02T16:05:34Z,177,Main,Pokemon,Trick or Trade BOOster Bundle 2023,TTBB23,23266,Trick or Trade BOOster Bundle 2023,062/193,62,Pikachu,Common,Holofoil,Ungraded,Near Mint,1,0.0,5.01,false,2026-09-09,pk_39b3ca391673aa7658b679bd20a2656ba338145c12d1750266f7a72a0cd9d57a871674695d27288d92a9a9c6bb0f4a,Pikachu,Trick or Trade BOOster Bundle 2023,TTBB23,062/193,Common,0.51,0.15,0.55,19.82,Holofoil,2026-10-02T10:48:30.269288,https://www.tcgplayer.com/product/515654,,,,,,both,True,fetched,set:name_exact+card:name_number,,23266 062
2026-10-02-180534,2026-10-02T16:05:34Z,175,Main,Pokemon,Trick or Trade BOOster Bundle 2023,TTBB23,23266,Trick or Trade BOOster Bundle 2023,071/185,71,Dusknoir,Holo Rare,Holofoil,Ungraded,Near Mint,1,0.0,1.35,false,2026-09-09,pk_cdf02f8faa96c94a79cbe62be31c1cc99ddf0d62a4b910708344e88848cab0e99dc83936973b26ac5017acddca1162,Dusknoir,Trick or Trade BOOster Bundle 2023,TTBB23,071/185,Holo Rare,0.14,0.01,0.2,19.82,Holofoil,2026-10-02T10:48:30.269288,https://www.tcgplayer.com/product/515664,,,,,,both,True,fetched,set:name_exact+card:name_number,,23266 071
2026-10-02-180534,2026-10-02T16:05:34Z,174,Main,Pokemon,Trick or Trade BOOster Bundle 2023,TTBB23,23266,Trick or Trade BOOster Bundle 2023,073/196,73,Banette,Rare,Normal,Ungraded,Near Mint,1,0.0,1.73,false,2026-09-09,pk_ca34e023b23731d857200e1712faa4fb7a21cdc1cd6a076bf7a0603cf55216cc0d7364202bbef3555595b06fd0fec9,Banette,Trick or Trade BOOster Bundle 2023,TTBB23,073/196,Rare,0.18,0.05,0.21,19.82,Normal,2026-10-02T10:48:30.269288,https://www.tcgplayer.com/product/515666,,,,,,both,True,fetched,set:name_exact+card:name_number,,23266 073
2026-10-02-180534,2026-10-02T16:05:34Z,178,Main,Pokemon,Trick or Trade BOOster Bundle 2023,TTBB23,23266,Trick or Trade BOOster Bundle 2023,090/202,90,Polteageist,Rare,Normal,Ungraded,Near Mint,1,0.0,1.25,false,2026-09-09,pk_d73bda19b8fadbd8a4838baf347cea905a6dca58bb6c9bb8e6be89e731aafce7259fadb406d8e6dc25c34bdf0c74d6,Polteageist,Trick or Trade BOOster Bundle 2023,TTBB23,090/202,Rare,0.13,0.01,0.2,19.82,Normal,2026-10-02T10:48:30.269288,https://www.tcgplayer.com/product/515676,,,,,,both,True,fetched,set:name_exact+card:name_number,,23266 090
2026-10-02-180534,2026-10-02T16:05:34Z,176,Main,Pokemon,Trick or Trade BOOster Bundle 2023,TTBB23,23266,Trick or Trade BOOster Bundle 2023,095/185,95,Lycanroc,Rare,Normal,Ungraded,Near Mint,1,0.0,1.64,false,2026-09-09,pk_0b38b47f75b088061535aeb3fd2d117c3242afa97dea930c874f41e82ac21b3419fcf479b0faf3a26eebca2247bb85,Lycanroc,Trick or Trade BOOster Bundle 2023,TTBB23,095/185,Rare,0.18,0.01,0.2,19.82,Normal,2026-10-02T10:48:30.269288,https://www.tcgplayer.com/product/515655,,,,,,both,True,fetched,set:name_exact+card:name_number,,23266 095
2026-10-02-180534,2026-10-02T16:05:34Z,145,Main,Pokemon,Paradox Rift,PAR,23286,SV04: Paradox Rift,118/182,118,Yveltal,Rare,Reverse Holofoil,Ungraded,Near Mint,1,0.0,2.31,false,2026-09-09,pk_4e4c7e76ec48360da366a7c98f8220e9a6a247736e5790501de132b7b503776a1a621b1d9f08140f903883abff41757f,Yveltal - 118/182,SV04: Paradox Rift,PAR,118/182,Rare,0.16,0.01,0.2,3.34,Holofoil,2026-10-02T10:48:30.269288,https://www.tcgplayer.com/product/523793,,,,,,both,True,fetched,set:name_suffix+card:name_number,,23286 118
2026-10-02-180534,2026-10-02T16:05:34Z,144,Main,Pokemon,Paradox Rift,PAR,23286,SV04: Paradox Rift,074/182,74,Deoxys,Rare,Reverse Holofoil,Ungraded,Near Mint,1,0.0,2.7,false,2026-09-09,pk_9b460b47b1052ab331fc145210c642e43b51738613ca52e0cb394bde7488360497dd8b59cbf3b568836ace0fed53d9,Deoxys,SV04: Paradox Rift,PAR,074/182,Rare,0.22,0.01,0.25,14.21,Holofoil,2026-10-02T10:48:30.269288,https://www.tcgplayer.com/product/523734,,,,,,both,True,fetched,set:name_suffix+card:name_number,,23286 074
2026-10-02-180534,2026-10-02T16:05:34Z,173,Main,Pokemon,Trading Card Game Classic,CL,23323,Trading Card Game Classic,015/034,15,Lt. Surge's Rattata,Classic Collection,Holofoil,Ungraded,Near Mint,1,0.0,22.53,false,2026-09-09,pk_1534a68a7b872490fcc7826df737781239b8725ad322c46ffc19d6484eb9ba903123ee79b7be5ac6ba3b43aa601731,Chansey,Trading Card Game Classic,CL,015/034,Classic Collection,8.73,7.19,9.9,9999,Holofoil,2026-10-02T10:48:30.269288,https://www.tcgplayer.com/product/527902,,,,,,tcgplayer,True,fetched,set:name_exact+card:set_number,,23323 015
2026-10-02-180534,2026-10-02T16:05:34Z,172,Main,Pokemon,Trading Card Game Classic,CL,23323,Trading Card Game Classic,016/034,16,Lt. Surge's Raticate,Classic Collection,Holofoil,Ungraded,Near Mint,1,0.0,14.44,false,2026-09-09,pk_d66a1f89329ca1f6df363bb371eaf64dc3778e1c73e1e3702115734a5ddc7fdf836bdffc011cb7aaf95fe0b37a8b15,Snorlax,Trading Card Game Classic,CL,016/034,Classic Collection,16.65,15.14,18.96,9999,Holofoil,2026-10-02T10:48:30.269288,https://www.tcgplayer.com/product/527903,,,,,,tcgplayer,True,fetched,set:name_exact+card:set_number,,23323 016
2026-10-02-180534,2026-10-02T16:05:34Z,170,Main,Pokemon,Temporal Forces,TEF,23381,SV05: Temporal Forces,104/162,104,Gengar ex,Double Rare,Holofoil,Ungraded,Near Mint,1,0.0,63.25,false,2026-09-09,pk_4feed57d5fd7bbedc4eab7dfaef8d33457abf0f2389a648f84017b037f6ce04024fe053deecfdcb1ee6602cfd5e10ce7,Gengar ex - 104/162,SV05: Temporal Forces,TEF,104/162,Double Rare,6.37,3.99,7.38,143.8,Holofoil,2026-10-02T10:48:30.269288,https://www.tcgplayer.com/product/542848,,,,,,both,True,fetched,set:name_suffix+card:name_number,,23381 104
2026-10-02-180534,2026-10-02T16:05:34Z,184,Main,Pokemon,Twilight Masquerade,TWM,23473,SV06: Twilight Masquerade,221/167,221,Teal Mask Ogerpon ex,Hyper Rare,Holofoil,Ungraded,Near Mint,2,0.0,88.47,false,2026-09-09,pk_8b4d48cb5c5b51c74c6fcdeaf44900eb4c1aeb4fe2ab52c6dda1419b792a8db52de0f3db8f34e5fe1f5d9bf6a88a34b0,Teal Mask Ogerpon ex - 221/167,SV06: Twilight Masquerade,TWM,221/167,Hyper Rare,9.19,7,9.99,999,Holofoil,2026-10-02T10:48:30.269288,https://www.tcgplayer.com/product/550265,,,,,,both,True,fetched,set:name_suffix+card:name_number,,23473 221
2026-10-02-180534,2026-10-02T16:05:34Z,183,Main,Pokemon,Twilight Masquerade,TWM,23473,SV06: Twilight Masquerade,029/167,29,Magcargo ex,Double Rare,Holofoil,Ungraded,Near Mint,1,0.0,6.26,false,2026-09-09,pk_fa883eb13246646c37cc824b682d82256cdb102450199b68bee312211605694e7ec544d316450070c5831a059c89d5,Magcargo ex - 029/167,SV06: Twilight Masquerade,TWM,029/167,Double Rare,0.65,0.3,0.9,999,Holofoil,2026-10-02T10:48:30.269288,https://www.tcgplayer.com/product/550073,,,,,,both,True,fetched,set:name_suffix+card:name_number,,23473 029
2026-10-02-180534,2026-10-02T16:05:34Z,182,Main,Pokemon,Twilight Masquerade,TWM,23473,SV06: Twilight Masquerade,077/167,77,Iron Thorns ex,Double Rare,Holofoil,Ungraded,Near Mint,1,0.0,6.55,false,2026-09-09,pk_59369de5820b1533f00d3027755314b72bf1fcc55c33280243c300b3510ba45917ebf9f9c85406d9920b5b26781cca,Iron Thorns ex - 077/167,SV06: Twilight Masquerade,TWM,077/167,Double Rare,0.67,0.34,0.88,999,Holofoil,2026-10-02T10:48:30.269288,https://www.tcgplayer.com/product/550121,,,,,,both,True,fetched,set:name_suffix+card:name_number,,23473 077
2026-10-02-180534,2026-10-02T16:05:34Z,181,Main,Pokemon,Trick or Trade BOOster Bundle 2024,TTBB24,23561,Trick or Trade BOOster Bundle 2024,130/197,130,Umbreon,Uncommon,Normal,Ungraded,Near Mint,1,0.0,4.52,false,2026-09-09,pk_edcfa36e5afcbd718e4df02b3e8fe316acc80d6a6f487dcf445b23e5ff9a1ffa1cfb0fd071a149802ea8b603e1150e40,Umbreon,Trick or Trade BOOster Bundle 2024,TTBB24,130/197,Uncommon,0.46,0.2,0.52,35,Normal,2026-10-02T10:48:30.269288,https://www.tcgplayer.com/product/568704,,,,,,both,True,fetched,set:name_exact+card:name_number,,23561 130
2026-10-02-180534,2026-10-02T16:05:34Z,180,Main,Pokemon,Trick or Trade BOOster Bundle 2024,TTBB24,23561,Trick or Trade BOOster Bundle 2024,096/167,96,Fezandipiti (Cosmos Holo),Holo Rare,Holofoil,Ungraded,Near Mint,1,0.0,2.31,false,2026-09-09,pk_9fef717584ef3b96cbece4be62b203007be6079ac628dd45567bcbda75c3f32791c8db31c5b7f24bc793f2d1dcf924,Fezandipiti (Cosmos Holo),Trick or Trade BOOster Bundle 2024,TTBB24,096/167,Holo Rare,0.23,0.05,0.26,19.82,Holofoil,2026-10-02T10:48:30.269288,https://www.tcgplayer.com/product/570568,,,,,,both,True,fetched,set:name_exact+card:name_number,,23561 096
2026-10-02-180534,2026-10-02T16:05:34Z,21,Main,Pokemon,Battle Region,S9a,23639,S9a: Battle Region,029/067,29,Hisuian Typhlosion VSTAR (JP),Ultra Rare,Holofoil,Ungraded,Near Mint,1,0.0,23.19,false,2026-09-09,pk_a95dc44d3c30745127af62856982ae41523352b5e2d9d4bdcf23a8b7943422ad1eb052298f71971731d04bbb53586f,Hisuian Typhlosion VSTAR - 029/067,S9a: Battle Region,S9a,029/067,Triple Rare,0.84,0.55,0.99,2.99,Holofoil,2026-10-02T10:48:39.828297,https://www.tcgplayer.com/product/570598,,,,,,both,True,fetched,set:name_suffix+card:name_number,,23639 029
2026-10-02-180534,2026-10-02T16:05:34Z,160,Main,Pokemon,Shiny Star V,S4a,23643,S4a: Shiny Star V,330/190,330,Zamazenta V (JP),Secret Rare,Holofoil,Ungraded,Near Mint,1,0.0,176.65,false,2026-09-09,pk_51d0ba46a4faeffccb66fb3c67a158ae034bff3019ea6e3543b18a3a3f0308d686816d787a8af7be8e5dbd634d746075,Zamazenta V - 330/190,S4a: Shiny Star V,S4a,330/190,Ultra Rare,9.92,9.45,9.99,13,Holofoil,2026-10-02T10:48:40.692284,https://www.tcgplayer.com/product/571253,,,,,,both,True,fetched,set:name_suffix+card:name_number,,23643 330
2026-10-02-180534,2026-10-02T16:05:34Z,188,Main,Pokemon,VSTAR Universe,S12a,23645,S12a: VSTAR Universe,115/172,115,Radiant Eternatus (JP),Radiant Rare,Holofoil,Ungraded,Near Mint,1,0.0,19.97,false,2026-09-09,pk_98e262de840f758e80fbe90931148798e7f00117b1f35fd725424f3ba8c587b13428decd99308594bae1d92119f5996d,Radiant Eternatus,S12a: VSTAR Universe,S12a,115/172,Kagayaku,0.63,0.42,0.67,3.25,Holofoil,2026-10-02T10:48:39.828297,https://www.tcgplayer.com/product/571653,,,,,,both,True,fetched,set:name_suffix+card:name_number,,23645 115
2026-10-02-180534,2026-10-02T16:05:34Z,189,Main,Pokemon,VSTAR Universe,S12a,23645,S12a: VSTAR Universe,041/172,41,Zeraora VMAX (JP),Ultra Rare,Holofoil,Ungraded,Near Mint,2,0.0,17.86,false,2026-09-09,pk_b7e177a6b6849247185a2d7481a34e80068e3502fb1e961d33da58116279603e763fcc8468db9c79d9543929834a11,Zeraora VMAX - 041/172,S12a: VSTAR Universe,S12a,041/172,Triple Rare,0.96,0.59,0.99,4.6,Holofoil,2026-10-02T10:48:39.828297,https://www.tcgplayer.com/product/571579,,,,,,both,True,fetched,set:name_suffix+card:name_number,,23645 041
2026-10-02-180534,2026-10-02T16:05:34Z,187,Main,Pokemon,VSTAR Universe,S12a,23645,S12a: VSTAR Universe,048/172,48,Gengar (JP),Rare,Holofoil,Ungraded,Near Mint,1,0.0,25.69,false,2026-09-09,pk_1b3305af20ac1686743867fb66dc9015f529edc54e80bf9935c9d2a4de0c57a9d6b1aad4bc60f65f1f58b0ba39f90b,Gengar,S12a: VSTAR Universe,S12a,048/172,,2.6,1.85,3,5.99,Holofoil,2026-10-02T10:48:39.828297,https://www.tcgplayer.com/product/571586,,,,,,both,True,fetched,set:name_suffix+card:name_number,,23645 048
2026-10-02-180534,2026-10-02T16:05:34Z,162,Main,Pokemon,Surging Sparks,SSP,23651,SV08: Surging Sparks,133/191,133,Alolan Exeggutor ex,Double Rare,Holofoil,Ungraded,Near Mint,1,0.0,7.61,false,2026-09-09,pk_a3a9e0bfcc50fff4210e45ed6138ad1cd462dbd1c48e023725a140a137f5c745e79ee5467b8dea605fabb063e647422e,Alolan Exeggutor ex - 133/191,SV08: Surging Sparks,SSP,133/191,Double Rare,0.79,0.3,0.86,20,Holofoil,2026-10-02T10:48:26.444195,https://www.tcgplayer.com/product/589858,,,,,,both,True,fetched,set:name_suffix+card:name_number,,23651 133
2026-10-02-180534,2026-10-02T16:05:34Z,163,Main,Pokemon,Surging Sparks,SSP,23651,SV08: Surging Sparks,141/191,141,Eternatus,Rare,Holofoil,Ungraded,Near Mint,1,0.0,2.12,false,2026-09-09,pk_78fd33d8a65a9b4d0a46e32370c0d20886d987c55b09775891c529920f7f05ad35650b31d75287ff5754096d29b103c1,Eternatus,SV08: Surging Sparks,SSP,141/191,Rare,0.22,0.01,0.21,15.19,Holofoil,2026-10-02T10:48:26.444195,https://www.tcgplayer.com/product/589937,,,,,,both,True,fetched,set:name_suffix+card:name_number,,23651 141
2026-10-02-180534,2026-10-02T16:05:34Z,164,Main,Pokemon,Surging Sparks,SSP,23651,SV08: Surging Sparks,031/191,31,Skeledirge,Rare,Holofoil,Ungraded,Near Mint,1,0.0,2.12,false,2026-09-09,pk_f16db9de182cfb6083d218af939edc8c02171b79655d8a575dd3dbbae900d6c4259218acd7978b20bc90fdc5bd8c70,Skeledirge,SV08: Surging Sparks,SSP,031/191,Rare,0.23,0.01,0.21,19.82,Holofoil,2026-10-02T10:48:26.444195,https://www.tcgplayer.com/product/590053,,,,,,both,True,fetched,set:name_suffix+card:name_number,,23651 031
2026-10-02-180534,2026-10-02T16:05:34Z,165,Main,Pokemon,Surging Sparks,SSP,23651,SV08: Surging Sparks,086/191,86,Sylveon ex,Double Rare,Holofoil,Ungraded,Near Mint,1,0.0,24.93,false,2026-09-09,pk_5707d10fd8369ec2f1f24eb14889bb83b7016a7905b023014f3063b775e0bdd97db3e9b3b46cbfa0a94702f75c954d,Sylveon ex,SV08: Surging Sparks,SSP,086/191,Double Rare,2.69,1.48,2.75,44,Holofoil,2026-10-02T10:48:26.444195,https://www.tcgplayer.com/product/590069,,,,,,both,True,fetched,set:name_suffix+card:name_number,,23651 086
2026-10-02-180534,2026-10-02T16:05:34Z,106,Main,Pokemon,Jungle (Japanese),23722,23722,Pokemon Jungle,043,43,Oddish (JP),Common,Normal,Ungraded,Near Mint,1,0.0,32.66,false,2026-09-09,,,,,,,,,,,,,,,,,,,,False,miss,set:name_suffix+card:none,,Pokemon Jungle 043
2026-10-02-180534,2026-10-02T16:05:34Z,83,Main,Pokemon,Fossil (Japanese),23723,23723,Mystery of the Fossils,097,97,Hypno (JP),Rare,Holofoil,Ungraded,Near Mint,1,0.0,123.72,false,2026-09-09,,,,,,,,,,,,,,,,,,,,False,miss,set:name_suffix+card:none,,Mystery of the Fossils 097
2026-10-02-180534,2026-10-02T16:05:34Z,118,Main,Pokemon,Miscellaneous Cards & Products,MCAP,2374,Miscellaneous Cards & Products,010/086,10,Ho-Oh (EB Games Exclusive),Rare,Holofoil,Ungraded,Near Mint,1,0.0,896.53,false,2026-09-09,pk_99641324acffe938f1000c204b6267e10aba0335c7582f32ae04cfb4adf1a38a4a4941028e6c3df695f87edba65d,Abomasnow - 010/198 (Holiday Calendar),Miscellaneous Cards & Products,MCAP,010/198,Promo,0.52,0.2,0.62,19.82,Holofoil,2026-10-02T10:48:37.747076,https://www.tcgplayer.com/product/283285,,,,,,tcgplayer,True,fetched,set:name_exact+card:set_number,,2374 010
2026-10-02-180534,2026-10-02T16:05:34Z,122,Main,Pokemon,Miscellaneous Cards & Products,MCAP,2374,Miscellaneous Cards & Products,125/182,125,Steelix (Cosmos Holo),Rare,Holofoil,Ungraded,Near Mint,1,0.0,103.78,false,2026-09-09,pk_63187dec1b2cdb10faaf06e599df131598cb86715c672e91d9afd386c81753b03107f2a4e9ab8b832461002b6fb2a2,Steelix - 125/182 (Cosmos Holo),Miscellaneous Cards & Products,MCAP,125/182,Rare,10.78,7.6,11.66,94.44,Holofoil,2026-10-02T10:48:37.747076,https://www.tcgplayer.com/product/557370,,,,,,tcgplayer,True,fetched,set:name_exact+card:name_number,,2374 125
2026-10-02-180534,2026-10-02T16:05:34Z,119,Main,Pokemon,Miscellaneous Cards & Products,MCAP,2374,Miscellaneous Cards & Products,019/086,19,Keldeo (Chaos Rising Stamped),Rare,Holofoil,Ungraded,Near Mint,1,0.0,90.01,false,2026-09-09,pk_4def3ddb9cf6f5e8b358ea33cbf2b5dd00c93d01fcb0a89c5cc8cf8470c79baaa90c83ce0770a56ae9671b6c67ad,Charmeleon - 19/147 (Premium Collection Promo),Miscellaneous Cards & Products,MCAP,019/147,Promo,2.99,1,2.98,9999,Holofoil,2026-10-02T10:48:37.747076,https://www.tcgplayer.com/product/138484,,,,,,tcgplayer,True,fetched,set:name_exact+card:set_number,,2374 019
2026-10-02-180534,2026-10-02T16:05:34Z,120,Main,Pokemon,Miscellaneous Cards & Products,MCAP,2374,Miscellaneous Cards & Products,048/202,48,Lapras (Holiday Calendar),Promo,Holofoil,Ungraded,Near Mint,1,0.0,42.74,false,2026-09-09,pk_42d13c2e4a0cf744c1c21edde5aece9093bd8975ef8605f84dfc6d305bfad0a302451cd5dc17210ce9a14914d09f,Lapras - 048/202 (Holiday Calendar),Miscellaneous Cards & Products,MCAP,048/202,Promo,4.44,3.5,5,208.45,Holofoil,2026-10-02T10:48:37.747076,https://www.tcgplayer.com/product/283291,,,,,,tcgplayer,True,fetched,set:name_exact+card:name_number,,2374 048
2026-10-02-180534,2026-10-02T16:05:34Z,121,Main,Pokemon,Miscellaneous Cards & Products,MCAP,2374,Miscellaneous Cards & Products,051/162,51,Pikachu (Pokemon Day 2026),Common,Holofoil,Ungraded,Near Mint,1,0.0,25.9,false,2026-09-09,pk_d4f24568d941a202fe8cbf136314d74c09ec8f45505cdeea665fa228eb9621dba15018f4618a1d7d86f0aca64826,Team Rocket's Articuno (Destined Rivals Stamp),Miscellaneous Cards & Products,MCAP,051/182,Rare,30.28,27,32.98,263.24,Holofoil,2026-10-02T10:48:37.747076,https://www.tcgplayer.com/product/635484,,,,,,tcgplayer,True,fetched,set:name_exact+card:set_number,,2374 051
2026-10-02-180534,2026-10-02T16:05:34Z,167,Main,Pokemon,SV: Premium Trainer Box ex,svB,23806,SV: Premium Trainer Box ex,004/028,4,Pokegear 3.0,,Normal,Ungraded,Near Mint,1,0.0,19.25,false,2026-09-09,pk_299fd3b222cbfa5c687c2459573a7743ca5c380973d35bc90f58f51d71f445677023997be85d83836d314471f7fe,Pokegear 3.0,SV: Premium Trainer Box ex,svB,004/028,,,2,2,2,Normal,2026-10-02T10:48:39.828297,https://www.tcgplayer.com/product/588646,,,,,,both,True,fetched,set:name_exact+card:name_number,,23806 004
2026-10-02-180534,2026-10-02T16:05:34Z,158,Main,Pokemon,Prismatic Evolutions,PRE,23821,SV: Prismatic Evolutions,059/131,59,Umbreon (Poke Ball Pattern),Rare,Holofoil,Ungraded,Near Mint,1,0.0,40.62,false,2026-09-09,pk_b1f5b1464aba9b6c5571ff23721b6705aa9b22fa212ebd30e52e06641b1605a9bd4aad790064217fdd563bdb9110aa,Umbreon,SV: Prismatic Evolutions,PRE,059/131,Rare,0.47,0.05,0.54,999,Holofoil,2026-10-02T10:48:26.444195,https://www.tcgplayer.com/product/610414,,,,,,both,True,fetched,set:name_suffix+card:name_number,,23821 059
2026-10-02-180534,2026-10-02T16:05:34Z,157,Main,Pokemon,Prismatic Evolutions,PRE,23821,SV: Prismatic Evolutions,060/131,60,Umbreon ex,Double Rare,Holofoil,Ungraded,Near Mint,3,0.0,80.38,false,2026-09-09,pk_2b6d27a8bd0706fab12b1c79927ebd9b1be2680bf7a01e9b2287e3487906bb3a32bcccbcabc6f0c707dad8fb74abf7,Umbreon ex - 060/131,SV: Prismatic Evolutions,PRE,060/131,Double Rare,8.43,7,9,5000,Holofoil,2026-10-02T10:48:26.444195,https://www.tcgplayer.com/product/610415,,,,,,both,True,fetched,set:name_suffix+card:name_number,,23821 060
2026-10-02-180534,2026-10-02T16:05:34Z,46,Main,Pokemon,Dark Rush,BW4,23898,BW4: Dark Rush,025/069,25,Raikou EX (JP),Rare,Holofoil,Ungraded,Near Mint,1,0.0,89.91,false,2026-09-09,pk_7201316b5cf55d48877d41b59d146ac09251fb17057366bbdff613a658dd01f16ee92709aac4476fac6dffd2ade440,Raikou EX - 025/069,BW4: Dark Rush,BW4,025/069,Rare,8.13,6,7,8,1st Edition Holofoil,2026-10-02T10:48:41.487411,https://www.tcgplayer.com/product/601409,,,,,,both,True,fetched,set:name_suffix+card:name_number,,23898 025
2026-10-02-180534,2026-10-02T16:05:34Z,171,Main,Pokemon,Terastal Festival ex,SV8a,23909,SV8a: Terastal Fest ex,092/187,92,Umbreon (JP),Rare,Normal,Ungraded,Near Mint,1,0.0,16.44,false,2026-09-09,pk_4c3160078b4650174ea9bf9be70f740a408ed04b35aa42c9d29a2f95a41d1aa1925c143dcbcd513b75f9ab389b9c21,Umbreon,SV8a: Terastal Fest ex,SV8a,092/187,Common,0.33,0.1,0.39,25,Normal,2026-10-02T10:48:38.600272,https://www.tcgplayer.com/product/602478,,,,,,both,True,fetched,set:name_suffix+card:name_number,,23909 092
2026-10-02-180534,2026-10-02T16:05:34Z,79,Main,Pokemon,EX Holon Phantoms,PCG7,24084,Holon Phantom,101,101,Mightyena ex,Ultra Rare,Holofoil,Ungraded,Near Mint,1,0.0,962.57,false,2026-09-16,pk_67f5b981f882f8227f8d48d5f974446a6d273030ec7b6af375d29392802f41ad8b0ee144e2f9f982e703c288d36b,Mightyena ex,Holon Phantoms,HP,101/110,Ultra Rare,99.99,74.99,110,200.01,Holofoil,2026-10-02T10:48:36.87607,https://www.tcgplayer.com/product/87451,,,,,,both,True,fetched,set:name_fuzzy+card:name_number,,Holon Phantom 101
2026-10-02-180534,2026-10-02T16:05:34Z,78,Main,Pokemon,EX Holon Phantoms,PCG7,24084,Holon Phantom,63,63,Corphish (63),Common,Reverse Holofoil,Ungraded,Near Mint,1,0.0,345.6,false,2026-09-16,pk_fdf090364ffa6990b3971ae357b5ae65e0a2dc6185ca0f2774d43898029e95457d62c813414433e4897773c7f8,Corphish - 063/110,Holon Phantoms,HP,63/110,Common,0.37,0.15,0.38,19.82,Normal,2026-10-02T10:48:36.87607,https://www.tcgplayer.com/product/84434,,,,,,both,True,fetched,set:name_fuzzy+card:name_number,,Holon Phantom 63
2026-10-02-180534,2026-10-02T16:05:34Z,80,Main,Pokemon,EX Holon Phantoms,PCG7,24084,Holon Phantom,80,80,Poochyena,Common,Reverse Holofoil,Ungraded,Near Mint,1,0.0,156.24,false,2026-09-16,pk_d9edf81234590dbbad70bb58148381a6f4f0634f93ea548b8dea5d4f58b22895dd91316cdc66ac4a0a5e2d54dd,Poochyena,Holon Phantoms,HP,80/110,Common,0.56,0.18,0.5,19.82,Normal,2026-10-02T10:48:36.87607,https://www.tcgplayer.com/product/88298,,,,,,both,True,fetched,set:name_fuzzy+card:name_number,,Holon Phantom 80
2026-10-02-180534,2026-10-02T16:05:34Z,51,Main,Pokemon,Detective Pikachu,DEP,2409,Detective Pikachu,16,16,Lickitung (Holo Common),Common,Holofoil,Ungraded,Near Mint,1,0.0,4.04,false,2026-09-09,pk_276d5b96e9f2113b490f393c244303c461cebf6485c759cd806f264d552b98fa8608b33a83e51d10a305fb1216,Lickitung (Holo Common),Detective Pikachu,DEP,16/18,Common,0.43,0.1,0.4,5.6,Holofoil,2026-10-02T10:48:32.798658,https://www.tcgplayer.com/product/186024,,,,,,both,True,fetched,set:name_exact+card:name_number,,2409 16
2026-10-02-180534,2026-10-02T16:05:34Z,52,Main,Pokemon,Detective Pikachu,DEP,2409,Detective Pikachu,3,3,Morelull (Holo Common),Common,Holofoil,Ungraded,Near Mint,1,0.0,3.56,false,2026-09-09,pk_c34ccdb4dae95dece608da5b7fbefeb08a745d2f21f5f5ca6c5f4611b40d002eeecdfd0765ae7d353bf82c60,Morelull (Holo Common),Detective Pikachu,DEP,3/18,Common,0.37,0.05,0.37,18.2,Holofoil,2026-10-02T10:48:32.798658,https://www.tcgplayer.com/product/186004,,,,,,both,True,fetched,set:name_exact+card:name_number,,2409 3
2026-10-02-180534,2026-10-02T16:05:34Z,94,Main,Pokemon,Hanada City Gym Deck,24175,24175,City Gym Decks,091,91,Misty's Cloyster (JP),Uncommon,Normal,Ungraded,Near Mint,1,0.0,48.13,false,2026-09-09,,,,,,,,,,,,,,,,,,,,False,miss,set:name_fuzzy+card:none,,City Gym Decks 091
2026-10-02-180534,2026-10-02T16:05:34Z,50,Main,Pokemon,Destined Rivals,DRI,24269,SV10: Destined Rivals,031/182,31,Team Rocket's Moltres ex,Double Rare,Holofoil,Ungraded,Near Mint,1,0.0,7.61,false,2026-09-09,pk_fe5ffd94ab2efa61fd675d3f770a7afbb675808cd2636ebc962f577881d58578da8d880db3eb32ed7cb4acaf5b437d,Team Rocket's Moltres ex,SV10: Destined Rivals,DRI,031/182,Double Rare,0.9,0.29,0.91,50,Holofoil,2026-10-02T10:48:26.444195,https://www.tcgplayer.com/product/630808,,,,,,both,True,fetched,set:name_suffix+card:name_number,,24269 031
2026-10-02-180534,2026-10-02T16:05:34Z,169,Main,Pokemon,Team Rocket (Japanese),SV10,24310,SV10: The Glory of Team Rocket,068,68,Dark Machamp (JP),Rare,Holofoil,Ungraded,Near Mint,1,0.0,250.31,false,2026-09-09,pk_876dc6c58cd715df1e523a8184fc6abbe908245e95e0f6a91e3519de1605485d3fc27dcadc2ba8b6e5c7fbaae58df1,Team Rocket's Muk,SV10: The Glory of Team Rocket,SV10,068/098,Uncommon,0.16,0.1,0.2,20,Normal,2026-10-02T10:48:38.600272,https://www.tcgplayer.com/product/628709,,,,,,both,True,fetched,set:name_suffix+card:set_number,,24310 068
2026-10-02-180534,2026-10-02T16:05:34Z,22,Main,Pokemon,Black Bolt,BLK,24325,SV: Black Bolt,160/086,160,Excadrill ex,Ultra Rare,Holofoil,CGC 9.0 Mint,Near Mint,1,0.0,0.0,false,2026-09-09,,,,,,,,,,,,,,,,,,,,False,,set:name_suffix,,
2026-10-02-180534,2026-10-02T16:05:34Z,113,Main,Pokemon,Mega Brave,m1L,24399,m1L: Mega Brave,029/063,29,Mega Lucario,Double Rare,Holofoil,Ungraded,Near Mint,1,0.0,4.52,false,2026-09-09,,,,,,,,,,,,,,,,,,,,False,,set:name_suffix,,
2026-10-02-180534,2026-10-02T16:05:34Z,117,Main,Pokemon,Mega Evolution Promos,MEP,24451,ME: Mega Evolution Promo,048,48,Totodile,Promo,Holofoil,Ungraded,Near Mint,1,0.0,96.56,false,2026-09-09,,,,,,,,,,,,,,,,,,,,False,,set:name_suffix,,
2026-10-02-180534,2026-10-02T16:05:34Z,116,Main,Pokemon,Mega Evolution Promos,MEP,24451,ME: Mega Evolution Promo,080,80,Fennekin (Pokemon Center Exclusive),Promo,Holofoil,Ungraded,Near Mint,1,0.0,305.36,false,2026-09-09,,,,,,,,,,,,,,,,,,,,False,,set:name_suffix,,
2026-10-02-180534,2026-10-02T16:05:34Z,115,Main,Pokemon,Mega Evolution Promos,MEP,24451,ME: Mega Evolution Promo,009,9,Alakazam,Promo,Holofoil,CGC 9.5 Mint+,Near Mint,1,0.0,327.31,false,2026-09-09,,,,,,,,,,,,,,,,,,,,False,,set:name_suffix,,
2026-10-02-180534,2026-10-02T16:05:34Z,112,Main,Pokemon,MEE: Mega Evolution Energies,MEE,24461,MEE: Mega Evolution Energies,7,7,Basic Darkness Energy - 007,Common,Reverse Holofoil,Ungraded,Near Mint,1,0.0,4.24,false,2026-09-09,,,,,,,,,,,,,,,,,,,,False,,set:name_exact,,
2026-10-02-180534,2026-10-02T16:05:34Z,114,Main,Pokemon,MEGA Dream ex,M2a,24499,MEGA Dream ex,127/193,127,Rayquaza,,Holofoil,Ungraded,Near Mint,1,0.0,2.79,false,2026-09-09,,,,,,,,,,,,,,,,,,,,False,,set:name_exact,,
2026-10-02-180534,2026-10-02T16:05:34Z,2,Main,Pokemon,Ascended Heroes,ASC,24541,ME: Ascended Heroes,105/217,105,Lunatone (Energy Symbol Pattern),Rare,Reverse Holofoil,Ungraded,Near Mint,1,0.0,2.89,false,2026-09-09,,,,,,,,,,,,,,,,,,,,False,,set:name_suffix,,
2026-10-02-180534,2026-10-02T16:05:34Z,148,Main,Pokemon,Perfect Order,POR,24587,ME03: Perfect Order,022/088,22,Lapras ex,Double Rare,Holofoil,Ungraded,Near Mint,1,0.0,5.87,false,2026-09-09,,,,,,,,,,,,,,,,,,,,False,,set:name_suffix,,
2026-10-02-180534,2026-10-02T16:05:34Z,151,Main,Pokemon,Perfect Order,POR,24587,ME03: Perfect Order,045/088,45,Tyrantrum,Rare,Reverse Holofoil,Ungraded,Near Mint,1,0.0,2.6,false,2026-09-09,,,,,,,,,,,,,,,,,,,,False,,set:name_suffix,,
2026-10-02-180534,2026-10-02T16:05:34Z,152,Main,Pokemon,Perfect Order,POR,24587,ME03: Perfect Order,053/088,53,Yveltal ex,Double Rare,Holofoil,Ungraded,Near Mint,1,0.0,6.06,false,2026-09-09,,,,,,,,,,,,,,,,,,,,False,,set:name_suffix,,
2026-10-02-180534,2026-10-02T16:05:34Z,149,Main,Pokemon,Perfect Order,POR,24587,ME03: Perfect Order,081/088,81,Poke Pad,Uncommon,Normal,Ungraded,Near Mint,1,0.0,2.02,false,2026-09-09,,,,,,,,,,,,,,,,,,,,False,,set:name_suffix,,
2026-10-02-180534,2026-10-02T16:05:34Z,150,Main,Pokemon,Perfect Order,POR,24587,ME03: Perfect Order,084/088,84,Rosa's Encouragement,Uncommon,Reverse Holofoil,Ungraded,Near Mint,1,0.0,2.02,false,2026-09-09,,,,,,,,,,,,,,,,,,,,False,,set:name_suffix,,
2026-10-02-180534,2026-10-02T16:05:34Z,147,Main,Pokemon,Perfect Order,POR,24587,ME03: Perfect Order,095/088,95,Espurr,Illustration Rare,Holofoil,Ungraded,Near Mint,1,0.0,31.96,false,2026-09-09,,,,,,,,,,,,,,,,,,,,False,,set:name_suffix,,
2026-10-02-180534,2026-10-02T16:05:34Z,146,Main,Pokemon,Perfect Order,POR,24587,ME03: Perfect Order,098/088,98,Doublade,Illustration Rare,Holofoil,Ungraded,Near Mint,1,0.0,17.23,false,2026-09-09,,,,,,,,,,,,,,,,,,,,False,,set:name_suffix,,
2026-10-02-180534,2026-10-02T16:05:34Z,136,Main,Pokemon,Nihil Zero,M3,24600,M3: Nihil Zero,101/080,101,Energy Recycler,Super Rare,Holofoil,Ungraded,Near Mint,1,0.0,4.14,false,2026-09-09,,,,,,,,,,,,,,,,,,,,False,,set:name_suffix,,
2026-10-02-180534,2026-10-02T16:05:34Z,138,Main,Pokemon,Nihil Zero,M3,24600,M3: Nihil Zero,080/080,80,Rock F Energy,Rare,Holofoil,Ungraded,Near Mint,1,0.0,1.83,false,2026-09-09,,,,,,,,,,,,,,,,,,,,False,,set:name_suffix,,
2026-10-02-180534,2026-10-02T16:05:34Z,139,Main,Pokemon,Nihil Zero,M3,24600,M3: Nihil Zero,082/080,82,Rowlet,Art Rare,Holofoil,Ungraded,Near Mint,1,0.0,29.07,false,2026-09-09,,,,,,,,,,,,,,,,,,,,False,,set:name_suffix,,
2026-10-02-180534,2026-10-02T16:05:34Z,135,Main,Pokemon,Nihil Zero,M3,24600,M3: Nihil Zero,086/080,86,Clefairy,Art Rare,Holofoil,Ungraded,Near Mint,1,0.0,95.11,false,2026-09-09,,,,,,,,,,,,,,,,,,,,False,,set:name_suffix,,
2026-10-02-180534,2026-10-02T16:05:34Z,137,Main,Pokemon,Nihil Zero,M3,24600,M3: Nihil Zero,092/080,92,Raticate,Art Rare,Holofoil,Ungraded,Near Mint,1,0.0,15.5,false,2026-09-09,,,,,,,,,,,,,,,,,,,,False,,set:name_suffix,,
2026-10-02-180534,2026-10-02T16:05:34Z,140,Main,Pokemon,Nihil Zero,M3,24600,M3: Nihil Zero,094/080,94,Salazzle ex,Super Rare,Holofoil,Ungraded,Near Mint,1,0.0,24.07,false,2026-09-09,,,,,,,,,,,,,,,,,,,,False,,set:name_suffix,,
2026-10-02-180534,2026-10-02T16:05:34Z,41,Main,Pokemon,Chaos Rising,CRI,24655,Chaos Rising,015/086,15,Mega Pyroar ex,Double Rare,Holofoil,Ungraded,Near Mint,1,0.0,5.49,false,2026-09-09,,,,,,,,,,,,,,,,,,,,False,,set:name_exact,,
2026-10-02-180534,2026-10-02T16:05:34Z,35,Main,Pokemon,Chaos Rising,CRI,24655,Chaos Rising,029/086,29,Ampharos,Rare,Holofoil,Ungraded,Near Mint,1,0.0,1.54,false,2026-09-09,,,,,,,,,,,,,,,,,,,,False,,set:name_exact,,
2026-10-02-180534,2026-10-02T16:05:34Z,36,Main,Pokemon,Chaos Rising,CRI,24655,Chaos Rising,029/086,29,Ampharos,Rare,Reverse Holofoil,Ungraded,Near Mint,2,0.0,2.02,false,2026-09-09,,,,,,,,,,,,,,,,,,,,False,,set:name_exact,,
2026-10-02-180534,2026-10-02T16:05:34Z,42,Main,Pokemon,Chaos Rising,CRI,24655,Chaos Rising,039/086,39,Trevenant,Rare,Holofoil,Ungraded,Near Mint,1,0.0,1.25,false,2026-09-09,,,,,,,,,,,,,,,,,,,,False,,set:name_exact,,
2026-10-02-180534,2026-10-02T16:05:34Z,44,Main,Pokemon,Chaos Rising,CRI,24655,Chaos Rising,042/086,42,Xerneas,Rare,Reverse Holofoil,Ungraded,Near Mint,1,0.0,2.6,false,2026-09-09,,,,,,,,,,,,,,,,,,,,False,,set:name_exact,,
2026-10-02-180534,2026-10-02T16:05:34Z,40,Main,Pokemon,Chaos Rising,CRI,24655,Chaos Rising,051/086,51,Crobat,Rare,Reverse Holofoil,Ungraded,Near Mint,1,0.0,2.21,false,2026-09-09,,,,,,,,,,,,,,,,,,,,False,,set:name_exact,,
2026-10-02-180534,2026-10-02T16:05:34Z,38,Main,Pokemon,Chaos Rising,CRI,24655,Chaos Rising,007/086,7,Chesnaught,Rare,Reverse Holofoil,Ungraded,Near Mint,1,0.0,1.93,false,2026-09-09,,,,,,,,,,,,,,,,,,,,False,,set:name_exact,,
2026-10-02-180534,2026-10-02T16:05:34Z,39,Main,Pokemon,Chaos Rising,CRI,24655,Chaos Rising,073/086,73,Cinccino ex,Double Rare,Holofoil,Ungraded,Near Mint,1,0.0,6.74,false,2026-09-09,,,,,,,,,,,,,,,,,,,,False,,set:name_exact,,
2026-10-02-180534,2026-10-02T16:05:34Z,37,Main,Pokemon,Chaos Rising,CRI,24655,Chaos Rising,084/086,84,Bubbly Water Energy,Rare,Reverse Holofoil,Ungraded,Near Mint,1,0.0,2.41,false,2026-09-09,,,,,,,,,,,,,,,,,,,,False,,set:name_exact,,
2026-10-02-180534,2026-10-02T16:05:34Z,43,Main,Pokemon,Chaos Rising,CRI,24655,Chaos Rising,091/086,91,Xerneas,Illustration Rare,Holofoil,Ungraded,Near Mint,1,0.0,49.29,false,2026-09-09,,,,,,,,,,,,,,,,,,,,False,,set:name_exact,,
2026-10-02-180534,2026-10-02T16:05:34Z,153,Main,Pokemon,Pitch Black,PBL,24688,Pitch Black,107/084,107,Energy Switch,Ultra Rare,Holofoil,Ungraded,Near Mint,1,0.0,17.42,false,2026-09-09,,,,,,,,,,,,,,,,,,,,False,,set:name_exact,,
2026-10-02-180534,2026-10-02T16:05:34Z,154,Main,Pokemon,Pitch Black,PBL,24688,Pitch Black,083/084,83,Shadowy Darkness Energy,Rare,Holofoil,Ungraded,Near Mint,1,0.0,1.44,false,2026-09-09,,,,,,,,,,,,,,,,,,,,False,,set:name_exact,,
2026-10-02-180534,2026-10-02T16:05:34Z,155,Main,Pokemon,Pitch Black,PBL,24688,Pitch Black,090/084,90,Slowbro,Illustration Rare,Holofoil,Ungraded,Near Mint,1,0.0,63.25,false,2026-09-22,,,,,,,,,,,,,,,,,,,,False,,set:name_exact,,
2026-10-02-180534,2026-10-02T16:05:34Z,84,Main,Pokemon,Fusion Strike,SWSH08,2906,SWSH08: Fusion Strike,218/264,218,Greedent VMAX,Ultra Rare,Holofoil,Ungraded,Near Mint,1,0.0,13.96,false,2026-09-09,,,,,,,,,,,,,,,,,,,,False,,set:name_suffix,,
2026-10-02-180534,2026-10-02T16:05:34Z,34,Main,Pokemon,Celebrations: Classic Collection,CCC,2931,Celebrations: Classic Collection,76/108,76,M Rayquaza EX,Classic Collection,Holofoil,Ungraded,Near Mint,1,0.0,351.95,false,2026-09-09,,,,,,,,,,,,,,,,,,,,False,,set:name_exact,,
2026-10-02-180534,2026-10-02T16:05:34Z,33,Main,Pokemon,Brilliant Stars,SWSH09,2948,SWSH09: Brilliant Stars,,0,Psychic Energy (2022 Unnumbered),Common,Reverse Holofoil,Ungraded,Near Mint,1,0.0,3.47,false,2026-09-09,,,,,,,,,,,,,,,,,,,,False,,set:name_suffix,,
2026-10-02-180534,2026-10-02T16:05:34Z,8,Main,Pokemon,Base Set (Unlimited),BS,604,Base Set,1,1,Alakazam,Holo Rare,Holofoil,Ungraded,Near Mint,1,0.0,668.0,false,2026-09-09,,,,,,,,,,,,,,,,,,,,False,,set:name_exact,,
2026-10-02-180534,2026-10-02T16:05:34Z,20,Main,Pokemon,Base Set (Unlimited),BS,604,Base Set,14,14,Raichu,Holo Rare,Holofoil,Ungraded,Near Mint,1,0.0,649.51,false,2026-09-09,,,,,,,,,,,,,,,,,,,,False,,set:name_exact,,
2026-10-02-180534,2026-10-02T16:05:34Z,11,Main,Pokemon,Base Set (Unlimited),BS,604,Base Set,20,20,Electabuzz,Rare,Normal,Ungraded,Near Mint,1,0.0,96.94,false,2026-09-09,,,,,,,,,,,,,,,,,,,,False,,set:name_exact,,
2026-10-02-180534,2026-10-02T16:05:34Z,9,Main,Pokemon,Base Set (Unlimited),BS,604,Base Set,24,24,Charmeleon,Uncommon,Normal,Ungraded,Near Mint,1,0.0,32.63,false,2026-09-09,,,,,,,,,,,,,,,,,,,,False,,set:name_exact,,
2026-10-02-180534,2026-10-02T16:05:34Z,13,Main,Pokemon,Base Set (Unlimited),BS,604,Base Set,27,27,Farfetch'd,Uncommon,Normal,Ungraded,Near Mint,1,0.0,13.67,false,2026-09-09,,,,,,,,,,,,,,,,,,,,False,,set:name_exact,,
2026-10-02-180534,2026-10-02T16:05:34Z,15,Main,Pokemon,Base Set (Unlimited),BS,604,Base Set,30,30,Ivysaur,Uncommon,Normal,Ungraded,Near Mint,1,0.0,52.75,false,2026-09-09,,,,,,,,,,,,,,,,,,,,False,,set:name_exact,,
2026-10-02-180534,2026-10-02T16:05:34Z,16,Main,Pokemon,Base Set (Unlimited),BS,604,Base Set,32,32,Kadabra,Uncommon,Normal,Ungraded,Near Mint,2,0.0,24.74,false,2026-09-09,,,,,,,,,,,,,,,,,,,,False,,set:name_exact,,
2026-10-02-180534,2026-10-02T16:05:34Z,10,Main,Pokemon,Base Set (Unlimited),BS,604,Base Set,48,48,Doduo,Common,Normal,Ungraded,Near Mint,1,0.0,11.46,false,2026-09-09,,,,,,,,,,,,,,,,,,,,False,,set:name_exact,,
2026-10-02-180534,2026-10-02T16:05:34Z,14,Main,Pokemon,Base Set (Unlimited),BS,604,Base Set,50,50,Gastly,Common,Normal,Ungraded,Near Mint,1,0.0,11.94,false,2026-09-09,,,,,,,,,,,,,,,,,,,,False,,set:name_exact,,
2026-10-02-180534,2026-10-02T16:05:34Z,17,Main,Pokemon,Base Set (Unlimited),BS,604,Base Set,55,55,Nidoran M,Common,Normal,Ungraded,Near Mint,1,0.0,7.41,false,2026-09-09,,,,,,,,,,,,,,,,,,,,False,,set:name_exact,,
2026-10-02-180534,2026-10-02T16:05:34Z,18,Main,Pokemon,Base Set (Unlimited),BS,604,Base Set,58,58,Pikachu,Common,Normal,Ungraded,Near Mint,1,0.0,111.28,false,2026-09-09,,,,,,,,,,,,,,,,,,,,False,,set:name_exact,,
2026-10-02-180534,2026-10-02T16:05:34Z,19,Main,Pokemon,Base Set (Unlimited),BS,604,Base Set,59,59,Poliwag,Common,Normal,Ungraded,Near Mint,1,0.0,8.95,false,2026-09-09,,,,,,,,,,,,,,,,,,,,False,,set:name_exact,,
2026-10-02-180534,2026-10-02T16:05:34Z,12,Main,Pokemon,Base Set (Unlimited),BS,604,Base Set,81,81,Energy Retrieval,Uncommon,Normal,Ungraded,Near Mint,1,0.0,6.06,false,2026-09-09,,,,,,,,,,,,,,,,,,,,False,,set:name_exact,,
2026-10-02-180534,2026-10-02T16:05:34Z,4,Main,Pokemon,Base Set 2,BS2,605,Base Set 2,10,10,Mewtwo,Holo Rare,Holofoil,Ungraded,Near Mint,1,0.0,996.94,false,2026-09-09,,,,,,,,,,,,,,,,,,,,False,,set:name_exact,,
2026-10-02-180534,2026-10-02T16:05:34Z,3,Main,Pokemon,Base Set 2,BS2,605,Base Set 2,69,69,Charmander,Common,Normal,Ungraded,Near Mint,2,0.0,17.33,false,2026-09-09,,,,,,,,,,,,,,,,,,,,False,,set:name_exact,,
2026-10-02-180534,2026-10-02T16:05:34Z,5,Main,Pokemon,Base Set 2,BS2,605,Base Set 2,97,97,Venonat,Common,Normal,Ungraded,Near Mint,1,0.0,11.26,false,2026-09-09,,,,,,,,,,,,,,,,,,,,False,,set:name_exact,,
2026-10-02-180534,2026-10-02T16:05:34Z,102,Main,Pokemon,Jungle,JU,635,Jungle,20,20,Jolteon,Rare,Unlimited,Ungraded,Near Mint,1,0.0,244.81,false,2026-09-18,,,,,,,,,,,,,,,,,,,,False,,set:name_exact,,
2026-10-02-180534,2026-10-02T16:05:34Z,95,Main,Pokemon,Jungle,JU,635,Jungle,33,33,Butterfree,Uncommon,Unlimited,Ungraded,Near Mint,1,0.0,21.47,false,2026-09-09,,,,,,,,,,,,,,,,,,,,False,,set:name_exact,,
2026-10-02-180534,2026-10-02T16:05:34Z,98,Main,Pokemon,Jungle,JU,635,Jungle,36,36,Fearow,Uncommon,Unlimited,Ungraded,Near Mint,1,0.0,10.3,false,2026-09-09,,,,,,,,,,,,,,,,,,,,False,,set:name_exact,,
2026-10-02-180534,2026-10-02T16:05:34Z,101,Main,Pokemon,Jungle,JU,635,Jungle,4,4,Jolteon,Holo Rare,Unlimited Holofoil,Ungraded,Near Mint,1,0.0,966.04,false,2026-09-09,,,,,,,,,,,,,,,,,,,,False,,set:name_exact,,
2026-10-02-180534,2026-10-02T16:05:34Z,103,Main,Pokemon,Jungle,JU,635,Jungle,45,45,Rhydon,Uncommon,Unlimited,Ungraded,Near Mint,1,0.0,13.86,false,2026-09-09,,,,,,,,,,,,,,,,,,,,False,,set:name_exact,,
2026-10-02-180534,2026-10-02T16:05:34Z,105,Main,Pokemon,Jungle,JU,635,Jungle,48,48,Weepinbell,Uncommon,Unlimited,Ungraded,Near Mint,1,0.0,5.97,false,2026-09-09,,,,,,,,,,,,,,,,,,,,False,,set:name_exact,,
2026-10-02-180534,2026-10-02T16:05:34Z,96,Main,Pokemon,Jungle,JU,635,Jungle,50,50,Cubone,Common,Unlimited,Ungraded,Near Mint,1,0.0,18.48,false,2026-09-09,,,,,,,,,,,,,,,,,,,,False,,set:name_exact,,
2026-10-02-180534,2026-10-02T16:05:34Z,97,Main,Pokemon,Jungle,JU,635,Jungle,52,52,Exeggcute,Common,Unlimited,Ungraded,Near Mint,1,0.0,4.24,false,2026-09-09,,,,,,,,,,,,,,,,,,,,False,,set:name_exact,,
2026-10-02-180534,2026-10-02T16:05:34Z,99,Main,Pokemon,Jungle,JU,635,Jungle,53,53,Goldeen,Common,Unlimited,Ungraded,Near Mint,1,0.0,4.62,false,2026-09-09,,,,,,,,,,,,,,,,,,,,False,,set:name_exact,,
2026-10-02-180534,2026-10-02T16:05:34Z,100,Main,Pokemon,Jungle,JU,635,Jungle,54,54,Jigglypuff,Common,Unlimited,Ungraded,Near Mint,1,0.0,15.98,false,2026-09-09,,,,,,,,,,,,,,,,,,,,False,,set:name_exact,,
2026-10-02-180534,2026-10-02T16:05:34Z,104,Main,Pokemon,Jungle,JU,635,Jungle,61,61,Rhyhorn,Common,Unlimited,Ungraded,Near Mint,1,0.0,4.33,false,2026-09-09,,,,,,,,,,,,,,,,,,,,False,,set:name_exact,,
2026-10-02-180534,2026-10-02T16:05:34Z,6,Main,Pokemon,Base Set (Japanese),,,,096,96,Drowzee (JP),Common,Normal,Ungraded,Near Mint,1,0.0,23.27,false,2026-09-09,,,,,,,,,,,,,,,,,,,,False,orphan,set:none,,
2026-10-02-180534,2026-10-02T16:05:34Z,7,Main,Pokemon,Base Set (Japanese),,,,062,62,Poliwrath (JP),Rare,Holofoil,Ungraded,Near Mint,1,0.0,186.73,false,2026-09-09,,,,,,,,,,,,,,,,,,,,False,orphan,set:none,,
2026-10-02-180534,2026-10-02T16:05:34Z,25,Main,Pokemon,Brave Stars (Charm),,,,053/127,53,Deoxys VMAX,RRR,Holofoil,Ungraded,Near Mint,1,0.0,20.17,false,2026-09-09,,,,,,,,,,,,,,,,,,,,False,orphan,set:none,,
2026-10-02-180534,2026-10-02T16:05:34Z,26,Main,Pokemon,Brave Stars (Charm),,,,019/127,19,Raichu V,RR,Holofoil,Ungraded,Near Mint,1,0.0,24.93,false,2026-09-09,,,,,,,,,,,,,,,,,,,,False,orphan,set:none,,
2026-10-02-180534,2026-10-02T16:05:34Z,27,Main,Pokemon,Brave Stars (Charm),,,,129/127,129,Solrock,AR,Holofoil,Ungraded,Near Mint,1,0.0,25.36,false,2026-09-09,,,,,,,,,,,,,,,,,,,,False,orphan,set:none,,
2026-10-02-180534,2026-10-02T16:05:34Z,28,Main,Pokemon,Brave Stars (Charm),,,,027/127,27,Zeraora V,RR,Holofoil,Ungraded,Near Mint,1,0.0,11.94,false,2026-09-09,,,,,,,,,,,,,,,,,,,,False,orphan,set:none,,
2026-10-02-180534,2026-10-02T16:05:34Z,29,Main,Pokemon,Brave Stars (Courage),,,,113/128,113,Oranguru V,RR,Holofoil,Ungraded,Near Mint,2,0.0,20.5,false,2026-09-09,,,,,,,,,,,,,,,,,,,,False,orphan,set:none,,
2026-10-02-180534,2026-10-02T16:05:34Z,30,Main,Pokemon,Brave Stars (Courage),,,,004/128,4,Radiant Venusaur,K,Holofoil,Ungraded,Near Mint,1,0.0,62.25,false,2026-09-09,,,,,,,,,,,,,,,,,,,,False,orphan,set:none,,
2026-10-02-180534,2026-10-02T16:05:34Z,31,Main,Pokemon,Brave Stars (Courage),,,,033/128,33,Serperior VSTAR,RRR,Holofoil,Ungraded,Near Mint,1,0.0,21.76,false,2026-09-09,,,,,,,,,,,,,,,,,,,,False,orphan,set:none,,
2026-10-02-180534,2026-10-02T16:05:34Z,87,Main,Pokemon,Gym Challenge (Japanese),,,,038,38,Blaine's Ninetales (JP),Rare,Normal,Ungraded,Near Mint,1,0.0,107.66,false,2026-09-09,,,,,,,,,,,,,,,,,,,,False,orphan,set:none,,
2026-10-02-180534,2026-10-02T16:05:34Z,93,Main,Pokemon,Gym Heroes (Japanese),,,,117,117,Misty's Seadra (JP),Rare,Holofoil,Ungraded,Near Mint,1,0.0,145.82,false,2026-09-09,,,,,,,,,,,,,,,,,,,,False,orphan,set:none,,
2026-10-02-180534,2026-10-02T16:05:34Z,131,Main,Pokemon,Neo Genesis (Japanese),,,,095,95,Onix (JP),Common,Normal,Ungraded,Near Mint,1,0.0,34.24,false,2026-09-09,,,,,,,,,,,,,,,,,,,,False,orphan,set:none,,
2026-10-02-180534,2026-10-02T16:05:34Z,186,Main,Pokemon,Vending Series 1 (Blue),,,,060,60,Poliwag (JP),Common,Normal,Ungraded,Near Mint,1,0.0,314.45,false,2026-09-09,,,,,,,,,,,,,,,,,,,,False,orphan,set:none,,
