Portfolio Name,Category,Set,Product Name,Card Number,Rarity,Variance,Grade,Card Condition,Average Cost Paid,Quantity,Market Price (As of 2026-10-02),Price Override,Watchlist,Date Added,Notes
Main,Pokemon,Ancient Roar,Roaring Moon ex (JP),090/066,Special Art Rare,Holofoil,Ungraded,Near Mint,0,1,379.41,0,false,2026-09-09,
Main,Pokemon,Ascended Heroes,Lunatone (Energy Symbol Pattern),105/217,Rare,Reverse Holofoil,Ungraded,Near Mint,0,1,2.89,0,false,2026-09-09,
Main,Pokemon,Base Set 2,Charmander,69,Common,Normal,Ungraded,Near Mint,0,2,17.33,0,false,2026-09-09,
Main,Pokemon,Base Set 2,Mewtwo,10,Holo Rare,Holofoil,Ungraded,Near Mint,0,1,996.94,0,false,2026-09-09,
Main,Pokemon,Base Set 2,Venonat,97,Common,Normal,Ungraded,Near Mint,0,1,11.26,0,false,2026-09-09,
Main,Pokemon,Base Set (Japanese),Drowzee (JP),096,Common,Normal,Ungraded,Near Mint,0,1,23.27,0,false,2026-09-09,
Main,Pokemon,Base Set (Japanese),Poliwrath (JP),062,Rare,Holofoil,Ungraded,Near Mint,0,1,186.73,0,false,2026-09-09,
Main,Pokemon,Base Set (Unlimited),Alakazam,1,Holo Rare,Holofoil,Ungraded,Near Mint,0,1,668,0,false,2026-09-09,
Main,Pokemon,Base Set (Unlimited),Charmeleon,24,Uncommon,Normal,Ungraded,Near Mint,0,1,32.63,0,false,2026-09-09,
Main,Pokemon,Base Set (Unlimited),Doduo,48,Common,Normal,Ungraded,Near Mint,0,1,11.46,0,false,2026-09-09,
Main,Pokemon,Base Set (Unlimited),Electabuzz,20,Rare,Normal,Ungraded,Near Mint,0,1,96.94,0,false,2026-09-09,
Main,Pokemon,Base Set (Unlimited),Energy Retrieval,81,Uncommon,Normal,Ungraded,Near Mint,0,1,6.06,0,false,2026-09-09,
Main,Pokemon,Base Set (Unlimited),Farfetch'd,27,Uncommon,Normal,Ungraded,Near Mint,0,1,13.67,0,false,2026-09-09,
Main,Pokemon,Base Set (Unlimited),Gastly,50,Common,Normal,Ungraded,Near Mint,0,1,11.94,0,false,2026-09-09,
Main,Pokemon,Base Set (Unlimited),Ivysaur,30,Uncommon,Normal,Ungraded,Near Mint,0,1,52.75,0,false,2026-09-09,
Main,Pokemon,Base Set (Unlimited),Kadabra,32,Uncommon,Normal,Ungraded,Near Mint,0,2,24.74,0,false,2026-09-09,
Main,Pokemon,Base Set (Unlimited),Nidoran M,55,Common,Normal,Ungraded,Near Mint,0,1,7.41,0,false,2026-09-09,
Main,Pokemon,Base Set (Unlimited),Pikachu,58,Common,Normal,Ungraded,Near Mint,0,1,111.28,0,false,2026-09-09,
Main,Pokemon,Base Set (Unlimited),Poliwag,59,Common,Normal,Ungraded,Near Mint,0,1,8.95,0,false,2026-09-09,
Main,Pokemon,Base Set (Unlimited),Raichu,14,Holo Rare,Holofoil,Ungraded,Near Mint,0,1,649.51,0,false,2026-09-09,
Main,Pokemon,Battle Region,Hisuian Typhlosion VSTAR (JP),029/067,Ultra Rare,Holofoil,Ungraded,Near Mint,0,1,23.19,0,false,2026-09-09,
Main,Pokemon,Black Bolt,Excadrill ex,160/086,Ultra Rare,Holofoil,CGC 9.0 Mint,Near Mint,0,1,0,0,false,2026-09-09,
Main,Pokemon,Blister Exclusives,Baxcalibur (Cosmos Holo),060/193,Promo,Holofoil,Ungraded,Near Mint,0,1,4.52,0,false,2026-09-09,
Main,Pokemon,Blister Exclusives,Virizion,13/101,Holo Rare,Holofoil,Ungraded,Near Mint,0,1,76.82,0,false,2026-09-09,
Main,Pokemon,Brave Stars (Charm),Deoxys VMAX,053/127,RRR,Holofoil,Ungraded,Near Mint,0.0000,1,20.17,0,false,2026-09-09,
Main,Pokemon,Brave Stars (Charm),Raichu V,019/127,RR,Holofoil,Ungraded,Near Mint,0,1,24.93,0,false,2026-09-09,
Main,Pokemon,Brave Stars (Charm),Solrock,129/127,AR,Holofoil,Ungraded,Near Mint,0.0000,1,25.36,0,false,2026-09-09,
Main,Pokemon,Brave Stars (Charm),Zeraora V,027/127,RR,Holofoil,Ungraded,Near Mint,0.0000,1,11.94,0,false,2026-09-09,
Main,Pokemon,Brave Stars (Courage),Oranguru V,113/128,RR,Holofoil,Ungraded,Near Mint,0.0000,2,20.5,0,false,2026-09-09,; 
Main,Pokemon,Brave Stars (Courage),Radiant Venusaur,004/128,K,Holofoil,Ungraded,Near Mint,0,1,62.25,0,false,2026-09-09,
Main,Pokemon,Brave Stars (Courage),Serperior VSTAR,033/128,RRR,Holofoil,Ungraded,Near Mint,0.0000,1,21.76,0,false,2026-09-09,
Main,Pokemon,BREAKthrough,Kirlia,69,Uncommon,Normal,Ungraded,Near Mint,0,1,3.95,0,false,2026-09-10,
Main,Pokemon,Brilliant Stars,Psychic Energy (2022 Unnumbered),,Common,Reverse Holofoil,Ungraded,Near Mint,0,1,3.47,0,false,2026-09-09,
Main,Pokemon,Celebrations: Classic Collection,M Rayquaza EX,76/108,Classic Collection,Holofoil,Ungraded,Near Mint,0,1,351.95,0,false,2026-09-09,
Main,Pokemon,Chaos Rising,Ampharos,029/086,Rare,Holofoil,Ungraded,Near Mint,0,1,1.54,0,false,2026-09-09,
Main,Pokemon,Chaos Rising,Ampharos,029/086,Rare,Reverse Holofoil,Ungraded,Near Mint,0,2,2.02,0,false,2026-09-09,
Main,Pokemon,Chaos Rising,Bubbly Water Energy,084/086,Rare,Reverse Holofoil,Ungraded,Near Mint,0,1,2.41,0,false,2026-09-09,
Main,Pokemon,Chaos Rising,Chesnaught,007/086,Rare,Reverse Holofoil,Ungraded,Near Mint,0,1,1.93,0,false,2026-09-09,
Main,Pokemon,Chaos Rising,Cinccino ex,073/086,Double Rare,Holofoil,Ungraded,Near Mint,0,1,6.74,0,false,2026-09-09,
Main,Pokemon,Chaos Rising,Crobat,051/086,Rare,Reverse Holofoil,Ungraded,Near Mint,0,1,2.21,0,false,2026-09-09,
Main,Pokemon,Chaos Rising,Mega Pyroar ex,015/086,Double Rare,Holofoil,Ungraded,Near Mint,0,1,5.49,0,false,2026-09-09,
Main,Pokemon,Chaos Rising,Trevenant,039/086,Rare,Holofoil,Ungraded,Near Mint,0,1,1.25,0,false,2026-09-09,
Main,Pokemon,Chaos Rising,Xerneas,091/086,Illustration Rare,Holofoil,Ungraded,Near Mint,0,1,49.29,0,false,2026-09-09,
Main,Pokemon,Chaos Rising,Xerneas,042/086,Rare,Reverse Holofoil,Ungraded,Near Mint,0,1,2.6,0,false,2026-09-09,
Main,Pokemon,Crown Zenith: Galarian Gallery,Cynthia's Ambition,GG60/GG70,Ultra Rare,Holofoil,Ungraded,Near Mint,0,1,225.65,0,false,2026-09-09,
Main,Pokemon,Dark Rush,Raikou EX (JP),025/069,Rare,Holofoil,Ungraded,Near Mint,0.0000,1,89.91,0,false,2026-09-09,
Main,Pokemon,Deck Exclusives,Ampharos - 029/086 (Non-Holo),029/086,Rare,Normal,Ungraded,Near Mint,0,1,14.83,0,false,2026-09-09,
Main,Pokemon,Deck Exclusives,Delphox - 013/086 (Non-Holo),013/086,Holo Rare,Normal,Ungraded,Near Mint,0,1,21.08,0,false,2026-09-09,
Main,Pokemon,Deck Exclusives,Machamp,008/102,Holo Rare,1st Edition Holofoil,Ungraded,Near Mint,0,1,238.93,0,false,2026-09-09,
Main,Pokemon,Destined Rivals,Team Rocket's Moltres ex,031/182,Double Rare,Holofoil,Ungraded,Near Mint,0,1,7.61,0,false,2026-09-09,
Main,Pokemon,Detective Pikachu,Lickitung (Holo Common),16,Common,Holofoil,Ungraded,Near Mint,0,1,4.04,0,false,2026-09-09,
Main,Pokemon,Detective Pikachu,Morelull (Holo Common),3,Common,Holofoil,Ungraded,Near Mint,0,1,3.56,0,false,2026-09-09,
Main,Pokemon,Diamond and Pearl,Budew,43,Uncommon,Normal,Ungraded,Near Mint,0,1,43.99,0,false,2026-09-10,
Main,Pokemon,Diamond and Pearl,Energy Search,117,Common,Normal,Ungraded,Near Mint,0,1,1.73,0,false,2026-09-09,
Main,Pokemon,Diamond and Pearl,Energy Search,117,Common,Reverse Holofoil,Ungraded,Near Mint,0,1,11.36,0,false,2026-09-09,
Main,Pokemon,Evolutions,Beedrill,7/108,Rare,Normal,Ungraded,Near Mint,0,1,2.5,0,false,2026-09-09,
Main,Pokemon,Evolutions,Darkness Energy,97/108,Common,Reverse Holofoil,Ungraded,Near Mint,0,1,96.36,0,false,2026-09-09,
Main,Pokemon,Evolutions,Dewgong,29/108,Rare,Normal,Ungraded,Near Mint,0,1,2.12,0,false,2026-09-09,
Main,Pokemon,Evolutions,Diglett,55/108,Common,Normal,Ungraded,Near Mint,0,1,1.06,0,false,2026-09-09,
Main,Pokemon,Evolutions,Doduo,69/108,Common,Normal,Ungraded,Near Mint,0,1,1.73,0,false,2026-09-09,
Main,Pokemon,Evolutions,Lightning Energy,94/108,Common,Reverse Holofoil,Ungraded,Near Mint,0,1,21.85,0,false,2026-09-09,
Main,Pokemon,Evolutions,Machop,57/108,Common,Normal,Ungraded,Near Mint,0,1,1.83,0,false,2026-09-09,
Main,Pokemon,Evolutions,Metapod,4/108,Uncommon,Normal,Ungraded,Near Mint,0,1,2.21,0,false,2026-09-09,
Main,Pokemon,Evolutions,Poliwag,23/108,Common,Reverse Holofoil,Ungraded,Near Mint,0,1,5.2,0,false,2026-09-09,
Main,Pokemon,Evolutions,Poliwag,23/108,Common,Normal,Ungraded,Near Mint,0,2,2.02,0,false,2026-09-09,
Main,Pokemon,Evolutions,Raticate,67/108,Rare,Normal,Ungraded,Near Mint,0,2,1.64,0,false,2026-09-09,
Main,Pokemon,Evolutions,Slowbro Spirit Link,86/108,Uncommon,Reverse Holofoil,Ungraded,Near Mint,0,1,9.53,0,false,2026-09-09,
Main,Pokemon,Evolutions,Tangela,8/108,Common,Normal,Ungraded,Near Mint,0,2,2.31,0,false,2026-09-09,
Main,Pokemon,Evolutions,Venusaur Spirit Link,89/108,Uncommon,Normal,Ungraded,Near Mint,0,1,2.31,0,false,2026-09-09,
Main,Pokemon,Evolutions,Voltorb,39/108,Common,Normal,Ungraded,Near Mint,0,2,1.64,0,false,2026-09-09,
Main,Pokemon,Evolutions,Vulpix,14/108,Common,Normal,Ungraded,Near Mint,0,1,2.12,0,false,2026-09-09,
Main,Pokemon,EX Crystal Guardians,Squirtle (64),64,Common,Normal,Ungraded,Near Mint,0,1,165.58,0,false,2026-09-09,
Main,Pokemon,EX Delta Species,Dragonair,41,Uncommon,Normal,Ungraded,Near Mint,0,1,69.99,0,false,2026-09-09,
Main,Pokemon,EX Emerald,Fire Energy,102,Holo Rare,Holofoil,Ungraded,Near Mint,0,1,196.19,0,false,2026-09-09,
Main,Pokemon,EX FireRed & LeafGreen,Poliwhirl,46,Uncommon,Reverse Holofoil,Ungraded,Near Mint,0,1,492.12,0,false,2026-09-16,
Main,Pokemon,EX FireRed & LeafGreen,Seel,78,Common,Normal,Ungraded,Near Mint,0,1,4.81,0,false,2026-09-09,
Main,Pokemon,EX Hidden Legends,Doduo,60,Common,Normal,Ungraded,Near Mint,0,1,3.47,0,false,2026-09-09,
Main,Pokemon,EX Holon Phantoms,Corphish (63),63,Common,Reverse Holofoil,Ungraded,Near Mint,0,1,345.6,0,false,2026-09-16,
Main,Pokemon,EX Holon Phantoms,Mightyena ex,101,Ultra Rare,Holofoil,Ungraded,Near Mint,0,1,962.57,0,false,2026-09-16,
Main,Pokemon,EX Holon Phantoms,Poochyena,80,Common,Reverse Holofoil,Ungraded,Near Mint,0,1,156.24,0,false,2026-09-16,
Main,Pokemon,EX Unseen Forces,Cyndaquil,54/115,Common,Normal,Ungraded,Near Mint,0,1,25.03,0,false,2026-09-09,
Main,Pokemon,EX Unseen Forces,Ho-oh,27/115,Rare,Normal,Ungraded,Near Mint,0,1,63.62,0,false,2026-09-09,
Main,Pokemon,Fossil (Japanese),Hypno (JP),097,Rare,Holofoil,Ungraded,Near Mint,0.0000,1,123.72,0,false,2026-09-09,
Main,Pokemon,Fusion Strike,Greedent VMAX,218/264,Ultra Rare,Holofoil,Ungraded,Near Mint,0,1,13.96,0,false,2026-09-09,
Main,Pokemon,Gem Pack,Captain Pikachu (Poke Ball Pattern) (CN),0702/09,Common,Holofoil,Ungraded,Near Mint,0,1,26.16,0,false,2026-09-22,
Main,Pokemon,Gem Pack Vol. 5,Captain Pikachu (Star Reverse Holo) (CN),0103/07,Uncommon,Reverse Holofoil,Ungraded,Near Mint,0,1,39.53,0,false,2026-09-22,
Main,Pokemon,Gym Challenge (Japanese),Blaine's Ninetales (JP),038,Rare,Normal,Ungraded,Near Mint,0,1,107.66,0,false,2026-09-09,
Main,Pokemon,Gym Heroes,Brock's Onix (69),69,Common,Unlimited,Ungraded,Near Mint,0,1,16.75,0,false,2026-09-09,
Main,Pokemon,Gym Heroes,Brock's Training Method,106,Uncommon,Unlimited,Ungraded,Near Mint,0,1,10.97,0,false,2026-09-09,
Main,Pokemon,Gym Heroes,Erika's Exeggcute (43),43,Uncommon,1st Edition,Ungraded,Near Mint,0,1,60.07,0,false,2026-09-09,
Main,Pokemon,Gym Heroes,Lightning Energy,130,Common,Unlimited,Ungraded,Near Mint,0,1,3.95,0,false,2026-09-09,
Main,Pokemon,Gym Heroes,Misty's Duel,123,Common,Unlimited,Ungraded,Near Mint,0,1,24.07,0,false,2026-09-09,
Main,Pokemon,Gym Heroes (Japanese),Misty's Seadra (JP),117,Rare,Holofoil,Ungraded,Near Mint,0.0000,1,145.82,0,false,2026-09-09,
Main,Pokemon,Hanada City Gym Deck,Misty's Cloyster (JP),091,Uncommon,Normal,Ungraded,Near Mint,0,1,48.13,0,false,2026-09-09,
Main,Pokemon,Jungle,Butterfree,33,Uncommon,Unlimited,Ungraded,Near Mint,0,1,21.47,0,false,2026-09-09,
Main,Pokemon,Jungle,Cubone,50,Common,Unlimited,Ungraded,Near Mint,0,1,18.48,0,false,2026-09-09,
Main,Pokemon,Jungle,Exeggcute,52,Common,Unlimited,Ungraded,Near Mint,0,1,4.24,0,false,2026-09-09,
Main,Pokemon,Jungle,Fearow,36,Uncommon,Unlimited,Ungraded,Near Mint,0,1,10.3,0,false,2026-09-09,
Main,Pokemon,Jungle,Goldeen,53,Common,Unlimited,Ungraded,Near Mint,0,1,4.62,0,false,2026-09-09,
Main,Pokemon,Jungle,Jigglypuff,54,Common,Unlimited,Ungraded,Near Mint,0,1,15.98,0,false,2026-09-09,
Main,Pokemon,Jungle,Jolteon,4,Holo Rare,Unlimited Holofoil,Ungraded,Near Mint,0,1,966.04,0,false,2026-09-09,
Main,Pokemon,Jungle,Jolteon,20,Rare,Unlimited,Ungraded,Near Mint,0,1,244.81,0,false,2026-09-18,
Main,Pokemon,Jungle,Rhydon,45,Uncommon,Unlimited,Ungraded,Near Mint,0,1,13.86,0,false,2026-09-09,
Main,Pokemon,Jungle,Rhyhorn,61,Common,Unlimited,Ungraded,Near Mint,0,1,4.33,0,false,2026-09-09,
Main,Pokemon,Jungle,Weepinbell,48,Uncommon,Unlimited,Ungraded,Near Mint,0,1,5.97,0,false,2026-09-09,
Main,Pokemon,Jungle (Japanese),Oddish (JP),043,Common,Normal,Ungraded,Near Mint,0,1,32.66,0,false,2026-09-09,
Main,Pokemon,Legendary Collection,Abra,67,Common,Normal,Ungraded,Near Mint,0,1,10.11,0,false,2026-09-09,
Main,Pokemon,Legendary Collection,Caterpie,69,Common,Normal,Ungraded,Near Mint,0,1,10.2,0,false,2026-09-09,
Main,Pokemon,Legendary Treasures,Virizion,15,Holo Rare,Holofoil,Ungraded,Near Mint,0,1,16.37,0,false,2026-09-09,
Main,Pokemon,Legends Awakened,Dragonair,52,Uncommon,Normal,Ungraded,Near Mint,0,1,124.76,0,false,2026-09-10,
Main,Pokemon,Lost Thunder,Slowpoke,54,Common,Reverse Holofoil,Ungraded,Near Mint,0,1,226.61,0,false,2026-09-09,
Main,Pokemon,MEE: Mega Evolution Energies,Basic Darkness Energy - 007,7,Common,Reverse Holofoil,Ungraded,Near Mint,0,1,4.24,0,false,2026-09-09,
Main,Pokemon,Mega Brave,Mega Lucario,029/063,Double Rare,Holofoil,Ungraded,Near Mint,0,1,4.52,0,false,2026-09-09,
Main,Pokemon,MEGA Dream ex,Rayquaza,127/193,,Holofoil,Ungraded,Near Mint,0,1,2.79,0,false,2026-09-09,
Main,Pokemon,Mega Evolution Promos,Alakazam,009,Promo,Holofoil,CGC 9.5 Mint+,Near Mint,0,1,327.31,0,false,2026-09-09,
Main,Pokemon,Mega Evolution Promos,Fennekin (Pokemon Center Exclusive),080,Promo,Holofoil,Ungraded,Near Mint,0,1,305.36,0,false,2026-09-09,
Main,Pokemon,Mega Evolution Promos,Totodile,048,Promo,Holofoil,Ungraded,Near Mint,0,1,96.56,0,false,2026-09-09,
Main,Pokemon,Miscellaneous Cards & Products,Ho-Oh (EB Games Exclusive),010/086,Rare,Holofoil,Ungraded,Near Mint,0,1,896.53,0,false,2026-09-09,
Main,Pokemon,Miscellaneous Cards & Products,Keldeo (Chaos Rising Stamped),019/086,Rare,Holofoil,Ungraded,Near Mint,0,1,90.01,0,false,2026-09-09,
Main,Pokemon,Miscellaneous Cards & Products,Lapras (Holiday Calendar),048/202,Promo,Holofoil,Ungraded,Near Mint,0,1,42.74,0,false,2026-09-09,
Main,Pokemon,Miscellaneous Cards & Products,Pikachu (Pokemon Day 2026),051/162,Common,Holofoil,Ungraded,Near Mint,0,1,25.9,0,false,2026-09-09,
Main,Pokemon,Miscellaneous Cards & Products,Steelix (Cosmos Holo),125/182,Rare,Holofoil,Ungraded,Near Mint,0,1,103.78,0,false,2026-09-09,
Main,Pokemon,Neo Destiny,Light Ninetales,50,Uncommon,Unlimited,Ungraded,Near Mint,0,1,273.01,0,false,2026-09-18,
Main,Pokemon,Neo Discovery,Tyrogue,66,Common,Unlimited,Ungraded,Near Mint,0,1,11.07,0,false,2026-09-09,
Main,Pokemon,Neo Discovery,Umbreon (32),32,Rare,Unlimited,Ungraded,Near Mint,0,1,"1,018.31",0,false,2026-09-09,
Main,Pokemon,Neo Genesis,Cyndaquil (57),57,Common,Unlimited,Ungraded,Near Mint,0,1,25.03,0,false,2026-09-09,
Main,Pokemon,Neo Genesis,Kingdra,8,Holo Rare,Unlimited Holofoil,Ungraded,Near Mint,0,1,212.08,0,false,2026-09-09,
Main,Pokemon,Neo Genesis,Mareep,65,Common,Unlimited,Ungraded,Near Mint,0,1,15.69,0,false,2026-09-09,
Main,Pokemon,Neo Genesis,Snubbull,74,Common,Unlimited,Ungraded,Near Mint,0,1,7.03,0,false,2026-09-09,
Main,Pokemon,Neo Genesis,Totodile (80),80,Common,Unlimited,Ungraded,Near Mint,0,1,18.48,0,false,2026-09-09,
Main,Pokemon,Neo Genesis (Japanese),Onix (JP),095,Common,Normal,Ungraded,Near Mint,0,1,34.24,0,false,2026-09-09,
Main,Pokemon,Neo Revelation,Entei (17),17,Rare,Unlimited,Ungraded,Near Mint,0,1,204.18,0,false,2026-09-18,
Main,Pokemon,Neo Revelation,Ho-oh,18,Rare,Unlimited,Ungraded,Near Mint,0,1,288.7,0,false,2026-09-18,
Main,Pokemon,Neo Revelation,Lugia,20,Rare,Unlimited,Ungraded,Near Mint,0,1,602.34,0,false,2026-09-09,
Main,Pokemon,Nihil Zero,Clefairy,086/080,Art Rare,Holofoil,Ungraded,Near Mint,0,1,95.11,0,false,2026-09-09,
Main,Pokemon,Nihil Zero,Energy Recycler,101/080,Super Rare,Holofoil,Ungraded,Near Mint,0,1,4.14,0,false,2026-09-09,
Main,Pokemon,Nihil Zero,Raticate,092/080,Art Rare,Holofoil,Ungraded,Near Mint,0,1,15.5,0,false,2026-09-09,
Main,Pokemon,Nihil Zero,Rock F Energy,080/080,Rare,Holofoil,Ungraded,Near Mint,0,1,1.83,0,false,2026-09-09,
Main,Pokemon,Nihil Zero,Rowlet,082/080,Art Rare,Holofoil,Ungraded,Near Mint,0,1,29.07,0,false,2026-09-09,
Main,Pokemon,Nihil Zero,Salazzle ex,094/080,Super Rare,Holofoil,Ungraded,Near Mint,0,1,24.07,0,false,2026-09-09,
Main,Pokemon,Noble Victories,Cobalion,84,Holo Rare,Holofoil,Ungraded,Near Mint,0,1,15.6,0,false,2026-09-09,
Main,Pokemon,Noble Victories,Terrakion,73,Holo Rare,Holofoil,Ungraded,Near Mint,0,1,23.39,0,false,2026-09-09,
Main,Pokemon,Paldea Evolved,Sprigatito,196/193,Illustration Rare,Holofoil,Ungraded,Near Mint,0,1,550.55,0,false,2026-09-09,
Main,Pokemon,Paradox Rift,Deoxys,074/182,Rare,Reverse Holofoil,Ungraded,Near Mint,0,1,2.7,0,false,2026-09-09,
Main,Pokemon,Paradox Rift,Yveltal,118/182,Rare,Reverse Holofoil,Ungraded,Near Mint,0,1,2.31,0,false,2026-09-09,
Main,Pokemon,Perfect Order,Doublade,098/088,Illustration Rare,Holofoil,Ungraded,Near Mint,0,1,17.23,0,false,2026-09-09,
Main,Pokemon,Perfect Order,Espurr,095/088,Illustration Rare,Holofoil,Ungraded,Near Mint,0,1,31.96,0,false,2026-09-09,
Main,Pokemon,Perfect Order,Lapras ex,022/088,Double Rare,Holofoil,Ungraded,Near Mint,0,1,5.87,0,false,2026-09-09,
Main,Pokemon,Perfect Order,Poke Pad,081/088,Uncommon,Normal,Ungraded,Near Mint,0,1,2.02,0,false,2026-09-09,
Main,Pokemon,Perfect Order,Rosa's Encouragement,084/088,Uncommon,Reverse Holofoil,Ungraded,Near Mint,0,1,2.02,0,false,2026-09-09,
Main,Pokemon,Perfect Order,Tyrantrum,045/088,Rare,Reverse Holofoil,Ungraded,Near Mint,0,1,2.6,0,false,2026-09-09,
Main,Pokemon,Perfect Order,Yveltal ex,053/088,Double Rare,Holofoil,Ungraded,Near Mint,0,1,6.06,0,false,2026-09-09,
Main,Pokemon,Pitch Black,Energy Switch,107/084,Ultra Rare,Holofoil,Ungraded,Near Mint,0,1,17.42,0,false,2026-09-09,
Main,Pokemon,Pitch Black,Shadowy Darkness Energy,083/084,Rare,Holofoil,Ungraded,Near Mint,0,1,1.44,0,false,2026-09-09,
Main,Pokemon,Pitch Black,Slowbro,090/084,Illustration Rare,Holofoil,Ungraded,Near Mint,0,1,63.25,0,false,2026-09-22,
Main,Pokemon,Plasma Storm,Virbank City Gym,126,Uncommon,Reverse Holofoil,Ungraded,Near Mint,0,1,52.66,0,false,2026-09-09,
Main,Pokemon,Prismatic Evolutions,Umbreon ex,060/131,Double Rare,Holofoil,Ungraded,Near Mint,0,3,80.38,0,false,2026-09-09,
Main,Pokemon,Prismatic Evolutions,Umbreon (Poke Ball Pattern),059/131,Rare,Holofoil,Ungraded,Near Mint,0,1,40.62,0,false,2026-09-09,
Main,Pokemon,Scarlet & Violet Base Set,Miraidon ex,253/198,Hyper Rare,Holofoil,Ungraded,Near Mint,0,1,73.64,0,false,2026-09-09,
Main,Pokemon,Shiny Star V,Zamazenta V (JP),330/190,Secret Rare,Holofoil,Ungraded,Near Mint,0.0000,1,176.65,0,false,2026-09-09,
Main,Pokemon,Supreme Victors,Rayquaza C,8,Holo Rare,Holofoil,Ungraded,Near Mint,0,2,679.84,0,false,2026-09-09,
Main,Pokemon,Surging Sparks,Alolan Exeggutor ex,133/191,Double Rare,Holofoil,Ungraded,Near Mint,0,1,7.61,0,false,2026-09-09,
Main,Pokemon,Surging Sparks,Eternatus,141/191,Rare,Holofoil,Ungraded,Near Mint,0,1,2.12,0,false,2026-09-09,
Main,Pokemon,Surging Sparks,Skeledirge,031/191,Rare,Holofoil,Ungraded,Near Mint,0,1,2.12,0,false,2026-09-09,
Main,Pokemon,Surging Sparks,Sylveon ex,086/191,Double Rare,Holofoil,Ungraded,Near Mint,0,1,24.93,0,false,2026-09-09,
Main,Pokemon,SV: 151,Basic Darkness Energy (Cosmos Holo),007,Common,Holofoil,Ungraded,Near Mint,0,1,13.09,0,false,2026-09-09,
Main,Pokemon,SV: Premium Trainer Box ex,Pokegear 3.0,004/028,,Normal,Ungraded,Near Mint,0,1,19.25,0,false,2026-09-09,
Main,Pokemon,Team Rocket,Rainbow Energy (17),17,Holo Rare,Unlimited Holofoil,Ungraded,Near Mint,0,1,278.69,0,false,2026-09-09,
Main,Pokemon,Team Rocket (Japanese),Dark Machamp (JP),068,Rare,Holofoil,Ungraded,Near Mint,0,1,250.31,0,false,2026-09-09,
Main,Pokemon,Temporal Forces,Gengar ex,104/162,Double Rare,Holofoil,Ungraded,Near Mint,0,1,63.25,0,false,2026-09-09,
Main,Pokemon,Terastal Festival ex,Umbreon (JP),092/187,Rare,Normal,Ungraded,Near Mint,0,1,16.44,0,false,2026-09-09,
Main,Pokemon,Trading Card Game Classic,Lt. Surge's Raticate,016/034,Classic Collection,Holofoil,Ungraded,Near Mint,0,1,14.44,0,false,2026-09-09,
Main,Pokemon,Trading Card Game Classic,Lt. Surge's Rattata,015/034,Classic Collection,Holofoil,Ungraded,Near Mint,0,1,22.53,0,false,2026-09-09,
Main,Pokemon,Trick or Trade BOOster Bundle 2023,Banette,073/196,Rare,Normal,Ungraded,Near Mint,0,1,1.73,0,false,2026-09-09,
Main,Pokemon,Trick or Trade BOOster Bundle 2023,Dusknoir,071/185,Holo Rare,Holofoil,Ungraded,Near Mint,0,1,1.35,0,false,2026-09-09,
Main,Pokemon,Trick or Trade BOOster Bundle 2023,Lycanroc,095/185,Rare,Normal,Ungraded,Near Mint,0,1,1.64,0,false,2026-09-09,
Main,Pokemon,Trick or Trade BOOster Bundle 2023,Pikachu,062/193,Common,Holofoil,Ungraded,Near Mint,0,1,5.01,0,false,2026-09-09,
Main,Pokemon,Trick or Trade BOOster Bundle 2023,Polteageist,090/202,Rare,Normal,Ungraded,Near Mint,0,1,1.25,0,false,2026-09-09,
Main,Pokemon,Trick or Trade BOOster Bundle 2023,Trevenant,017/196,Holo Rare,Holofoil,Ungraded,Near Mint,0,1,1.64,0,false,2026-09-09,
Main,Pokemon,Trick or Trade BOOster Bundle 2024,Fezandipiti (Cosmos Holo),096/167,Holo Rare,Holofoil,Ungraded,Near Mint,0,1,2.31,0,false,2026-09-09,
Main,Pokemon,Trick or Trade BOOster Bundle 2024,Umbreon,130/197,Uncommon,Normal,Ungraded,Near Mint,0,1,4.52,0,false,2026-09-09,
Main,Pokemon,Twilight Masquerade,Iron Thorns ex,077/167,Double Rare,Holofoil,Ungraded,Near Mint,0,1,6.55,0,false,2026-09-09,
Main,Pokemon,Twilight Masquerade,Magcargo ex,029/167,Double Rare,Holofoil,Ungraded,Near Mint,0,1,6.26,0,false,2026-09-09,
Main,Pokemon,Twilight Masquerade,Teal Mask Ogerpon ex,221/167,Hyper Rare,Holofoil,Ungraded,Near Mint,0,2,88.47,0,false,2026-09-09,
Main,Pokemon,Undaunted,Umbreon,10,Holo Rare,Holofoil,Ungraded,Near Mint,0,1,932.15,0,false,2026-09-09,
Main,Pokemon,Vending Series 1 (Blue),Poliwag (JP),060,Common,Normal,Ungraded,Near Mint,0,1,314.45,0,false,2026-09-09,
Main,Pokemon,VSTAR Universe,Gengar (JP),048/172,Rare,Holofoil,Ungraded,Near Mint,0,1,25.69,0,false,2026-09-09,
Main,Pokemon,VSTAR Universe,Radiant Eternatus (JP),115/172,Radiant Rare,Holofoil,Ungraded,Near Mint,0,1,19.97,0,false,2026-09-09,
Main,Pokemon,VSTAR Universe,Zeraora VMAX (JP),041/172,Ultra Rare,Holofoil,Ungraded,Near Mint,0,2,17.86,0,false,2026-09-09,
Main,Pokemon,Wild Force,Gastly (JP),080/071,Art Rare,Holofoil,Ungraded,Near Mint,0,1,298.27,0,false,2026-09-22,
Main,Pokemon,XY Base Set,Sableye,68,Uncommon,Reverse Holofoil,Ungraded,Near Mint,0,1,28.69,0,false,2026-09-09,
