Row,Set,Product Name,Number,Rarity,Variance,Grade,Condition,Qty,Avg Cost (NOK),Collectr Market (NOK),Collectr Value (NOK),TCG Market (USD),CMK Trend (EUR),API Value (NOK),Price Source,Found,Served From,Match Method,PK Name,PK Set,Watchlist,Date Added,Cost Basis (NOK),P&L vs Cost (NOK),vs Collectr %,Move % (vs first seen),Verdict
111,Lost Thunder,Slowpoke,54,Common,Reverse Holofoil,Ungraded,Near Mint,1,0.0,226.61,226.61,,,,cardmarket,True,cache,set:name_exact+card:name_number,Slowpoke,,false,2026-09-09,,,,,⚪ No data
85,Gem Pack,Captain Pikachu (Poke Ball Pattern) (CN),0702/09,Common,Holofoil,Ungraded,Near Mint,1,0.0,26.16,26.16,,,,,False,miss,set:name_partial+card:none,,,false,2026-09-22,,,,,⚪ No data
86,Gem Pack Vol. 5,Captain Pikachu (Star Reverse Holo) (CN),0103/07,Uncommon,Reverse Holofoil,Ungraded,Near Mint,1,0.0,39.53,39.53,,,,,False,miss,set:name_exact+card:none,,,false,2026-09-22,,,,,⚪ No data
1,Ancient Roar,Roaring Moon ex (JP),090/066,Special Art Rare,Holofoil,Ungraded,Near Mint,1,0.0,379.41,379.41,40.63,,438.8,both,True,cache,set:name_exact+card:name_number,Roaring Moon ex - 090/066,SV4K: Ancient Roar,false,2026-09-09,,,15.65,0.0,🟢 Up
190,Wild Force,Gastly (JP),080/071,Art Rare,Holofoil,Ungraded,Near Mint,1,0.0,298.27,298.27,37.36,,403.49,both,True,cache,set:name_exact+card:name_number,Gastly - 080/071,SV5K: Wild Force,false,2026-09-22,,,35.28,0.0,🟢 Up
168,Team Rocket,Rainbow Energy (17),17,Holo Rare,Unlimited Holofoil,Ungraded,Near Mint,1,0.0,278.69,278.69,40.67,,439.24,both,True,cache,set:name_exact+card:name_number,Rainbow Energy (17),Team Rocket,false,2026-09-09,,,57.61,0.0,🟢 Up
107,Legendary Collection,Abra,67,Common,Normal,Ungraded,Near Mint,1,0.0,10.11,10.11,,,,cardmarket,True,cache,set:name_exact+card:name_number,Abra,,false,2026-09-09,,,,,⚪ No data
108,Legendary Collection,Caterpie,69,Common,Normal,Ungraded,Near Mint,1,0.0,10.2,10.2,,,,cardmarket,True,cache,set:name_exact+card:name_number,Caterpie,,false,2026-09-09,,,,,⚪ No data
161,Supreme Victors,Rayquaza C,8,Holo Rare,Holofoil,Ungraded,Near Mint,2,0.0,679.84,1359.68,70.62,,1525.39,both,True,cache,set:name_exact+card:name_number,Rayquaza C,Supreme Victors,false,2026-09-09,,,12.19,0.0,🟢 Up
142,Noble Victories,Terrakion,73,Holo Rare,Holofoil,Ungraded,Near Mint,1,0.0,23.39,23.39,2.43,,26.24,both,True,cache,set:name_exact+card:name_number,Terrakion,Noble Victories,false,2026-09-09,,,12.18,0.0,🟢 Up
141,Noble Victories,Cobalion,84,Holo Rare,Holofoil,Ungraded,Near Mint,1,0.0,15.6,15.6,1.62,,17.5,both,True,cache,set:name_exact+card:name_number,Cobalion,Noble Victories,false,2026-09-09,,,12.18,0.0,🟢 Up
191,XY Base Set,Sableye,68,Uncommon,Reverse Holofoil,Ungraded,Near Mint,1,0.0,28.69,28.69,0.53,,5.72,both,True,cache,set:name_exact+card:name_number,Sableye,XY Base Set,false,2026-09-09,,,-80.06,0.0,🔴 Down
132,Neo Revelation,Entei (17),17,Rare,Unlimited,Ungraded,Near Mint,1,0.0,204.18,204.18,82.23,,888.08,tcgplayer,True,cache,set:name_exact+card:name_number,Entei (17),Neo Revelation,false,2026-09-18,,,334.95,0.0,🟢 Up
133,Neo Revelation,Ho-oh,18,Rare,Unlimited,Ungraded,Near Mint,1,0.0,288.7,288.7,117.89,,1273.21,tcgplayer,True,cache,set:name_exact+card:name_number,Ho-oh (18),Neo Revelation,false,2026-09-18,,,341.01,0.0,🟢 Up
134,Neo Revelation,Lugia,20,Rare,Unlimited,Ungraded,Near Mint,1,0.0,602.34,602.34,62.57,,675.76,tcgplayer,True,cache,set:name_exact+card:name_number,Lugia,Neo Revelation,false,2026-09-09,,,12.19,0.0,🟢 Up
72,EX Crystal Guardians,Squirtle (64),64,Common,Normal,Ungraded,Near Mint,1,0.0,165.58,165.58,17.2,,185.76,both,True,cache,set:name_fuzzy+card:name_number,Squirtle - 064/100,Crystal Guardians,false,2026-09-09,,,12.19,0.0,🟢 Up
126,Neo Genesis,Cyndaquil (57),57,Common,Unlimited,Ungraded,Near Mint,1,0.0,25.03,25.03,14.09,,152.17,tcgplayer,True,cache,set:name_exact+card:name_number,Cyndaquil (57),Neo Genesis,false,2026-09-09,,,507.95,0.0,🟢 Up
128,Neo Genesis,Mareep,65,Common,Unlimited,Ungraded,Near Mint,1,0.0,15.69,15.69,3.65,,39.42,tcgplayer,True,cache,set:name_exact+card:name_number,Mareep,Neo Genesis,false,2026-09-09,,,151.24,0.0,🟢 Up
129,Neo Genesis,Snubbull,74,Common,Unlimited,Ungraded,Near Mint,1,0.0,7.03,7.03,2.27,,24.52,tcgplayer,True,cache,set:name_exact+card:name_number,Snubbull,Neo Genesis,false,2026-09-09,,,248.79,0.0,🟢 Up
127,Neo Genesis,Kingdra,8,Holo Rare,Unlimited Holofoil,Ungraded,Near Mint,1,0.0,212.08,212.08,,,,,False,miss,set:name_exact+card:reject,,,false,2026-09-09,,,,,⚪ No data
130,Neo Genesis,Totodile (80),80,Common,Unlimited,Ungraded,Near Mint,1,0.0,18.48,18.48,1.92,,20.74,tcgplayer,True,cache,set:name_exact+card:name_number,Totodile (80),Neo Genesis,false,2026-09-09,,,12.23,0.0,🟢 Up
82,EX Unseen Forces,Ho-oh,27/115,Rare,Normal,Ungraded,Near Mint,1,0.0,63.62,63.62,7.81,,84.35,both,True,cache,set:name_fuzzy+card:name_number,Ho-Oh,Unseen Forces,false,2026-09-09,,,32.58,0.0,🟢 Up
81,EX Unseen Forces,Cyndaquil,54/115,Common,Normal,Ungraded,Near Mint,1,0.0,25.03,25.03,2.6,,28.08,both,True,cache,set:name_fuzzy+card:name_number,Cyndaquil,Unseen Forces,false,2026-09-09,,,12.19,0.0,🟢 Up
185,Undaunted,Umbreon,10,Holo Rare,Holofoil,Ungraded,Near Mint,1,0.0,932.15,932.15,96.83,,1045.76,both,True,cache,set:name_exact+card:name_number,Umbreon,Undaunted,false,2026-09-09,,,12.19,0.0,🟢 Up
109,Legendary Treasures,Virizion,15,Holo Rare,Holofoil,Ungraded,Near Mint,1,0.0,16.37,16.37,1.7,,18.36,both,True,cache,set:name_exact+card:name_number,Virizion,Legendary Treasures,false,2026-09-09,,,12.16,0.0,🟢 Up
74,EX Emerald,Fire Energy,102,Holo Rare,Holofoil,Ungraded,Near Mint,1,0.0,196.19,196.19,17.6,,190.08,both,True,cache,set:name_fuzzy+card:name_number,Fire Energy,Emerald,false,2026-09-09,,,-3.11,0.0,🔴 Down
156,Plasma Storm,Virbank City Gym,126,Uncommon,Reverse Holofoil,Ungraded,Near Mint,1,0.0,52.66,52.66,5.13,,55.4,both,True,cache,set:name_exact+card:name_number,Virbank City Gym,Plasma Storm,false,2026-09-09,,,5.2,0.0,🟢 Up
77,EX Hidden Legends,Doduo,60,Common,Normal,Ungraded,Near Mint,1,0.0,3.47,3.47,0.36,,3.89,both,True,cache,set:name_fuzzy+card:name_number,Doduo,Hidden Legends,false,2026-09-09,,,12.1,0.0,🟢 Up
110,Legends Awakened,Dragonair,52,Uncommon,Normal,Ungraded,Near Mint,1,0.0,124.76,124.76,12.96,,139.97,both,True,cache,set:name_exact+card:name_number,Dragonair,Legends Awakened,false,2026-09-10,,,12.19,0.0,🟢 Up
75,EX FireRed & LeafGreen,Poliwhirl,46,Uncommon,Reverse Holofoil,Ungraded,Near Mint,1,0.0,492.12,492.12,4.62,,49.9,both,True,cache,set:name_fuzzy+card:name_number,Poliwhirl,FireRed & LeafGreen,false,2026-09-16,,,-89.86,0.0,🔴 Down
76,EX FireRed & LeafGreen,Seel,78,Common,Normal,Ungraded,Near Mint,1,0.0,4.81,4.81,0.49,,5.29,both,True,cache,set:name_fuzzy+card:name_number,Seel,FireRed & LeafGreen,false,2026-09-09,,,9.98,0.0,🟢 Up
73,EX Delta Species,Dragonair,41,Uncommon,Normal,Ungraded,Near Mint,1,0.0,69.99,69.99,,,,cardmarket,True,cache,set:name_fuzzy+card:set_number,Dragonair δ Delta Species,,false,2026-09-09,,,,,⚪ No data
54,Diamond and Pearl,Energy Search,117,Common,Normal,Ungraded,Near Mint,1,0.0,1.73,1.73,0.18,,1.94,both,True,cache,set:name_exact+card:name_number,Energy Search,Diamond and Pearl,false,2026-09-09,,,12.14,0.0,🟢 Up
55,Diamond and Pearl,Energy Search,117,Common,Reverse Holofoil,Ungraded,Near Mint,1,0.0,11.36,11.36,0.18,,1.94,both,True,cache,set:name_exact+card:name_number,Energy Search,Diamond and Pearl,false,2026-09-09,,,-82.92,0.0,🔴 Down
53,Diamond and Pearl,Budew,43,Uncommon,Normal,Ungraded,Near Mint,1,0.0,43.99,43.99,4.57,,49.36,both,True,cache,set:name_exact+card:name_number,Budew,Diamond and Pearl,false,2026-09-10,,,12.21,0.0,🟢 Up
125,Neo Discovery,Umbreon (32),32,Rare,Unlimited,Ungraded,Near Mint,1,0.0,1018.31,1018.31,300.0,,3240.0,tcgplayer,True,cache,set:name_exact+card:name_number,Umbreon (32),Neo Discovery,false,2026-09-09,,,218.17,0.0,🟢 Up
124,Neo Discovery,Tyrogue,66,Common,Unlimited,Ungraded,Near Mint,1,0.0,11.07,11.07,3.29,,35.53,tcgplayer,True,cache,set:name_exact+card:name_number,Tyrogue,Neo Discovery,false,2026-09-09,,,220.96,0.0,🟢 Up
89,Gym Heroes,Brock's Training Method,106,Uncommon,Unlimited,Ungraded,Near Mint,1,0.0,10.97,10.97,1.14,,12.31,tcgplayer,True,cache,set:name_exact+card:name_number,Brock's Training Method,Gym Heroes,false,2026-09-09,,,12.22,0.0,🟢 Up
92,Gym Heroes,Misty's Duel,123,Common,Unlimited,Ungraded,Near Mint,1,0.0,24.07,24.07,5.42,,58.54,tcgplayer,True,cache,set:name_exact+card:name_number,Misty's Duel,Gym Heroes,false,2026-09-09,,,143.21,0.0,🟢 Up
91,Gym Heroes,Lightning Energy,130,Common,Unlimited,Ungraded,Near Mint,1,0.0,3.95,3.95,2.11,,22.79,tcgplayer,True,cache,set:name_exact+card:name_number,Lightning Energy,Gym Heroes,false,2026-09-09,,,476.96,0.0,🟢 Up
90,Gym Heroes,Erika's Exeggcute (43),43,Uncommon,1st Edition,Ungraded,Near Mint,1,0.0,60.07,60.07,6.24,,67.39,tcgplayer,True,cache,set:name_exact+card:name_number,Erika's Exeggcute (43),Gym Heroes,false,2026-09-09,,,12.19,0.0,🟢 Up
88,Gym Heroes,Brock's Onix (69),69,Common,Unlimited,Ungraded,Near Mint,1,0.0,16.75,16.75,1.74,,18.79,tcgplayer,True,cache,set:name_exact+card:name_number,Brock's Onix (69),Gym Heroes,false,2026-09-09,,,12.18,0.0,🟢 Up
123,Neo Destiny,Light Ninetales,50,Uncommon,Unlimited,Ungraded,Near Mint,1,0.0,273.01,273.01,28.55,,308.34,tcgplayer,True,cache,set:name_exact+card:name_number,Light Ninetales,Neo Destiny,false,2026-09-18,,,12.94,0.0,🟢 Up
32,BREAKthrough,Kirlia,69,Uncommon,Normal,Ungraded,Near Mint,1,0.0,3.95,3.95,0.42,,4.54,both,True,cache,set:name_suffix+card:name_number,Kirlia,XY - BREAKthrough,false,2026-09-10,,,14.94,0.0,🟢 Up
45,Crown Zenith: Galarian Gallery,Cynthia's Ambition,GG60/GG70,Ultra Rare,Holofoil,Ungraded,Near Mint,1,0.0,225.65,225.65,23.17,,250.24,tcgplayer,True,cache,set:name_exact+card:name_number,Cynthia's Ambition,Crown Zenith: Galarian Gallery,false,2026-09-09,,,10.9,0.0,🟢 Up
48,Deck Exclusives,Delphox - 013/086 (Non-Holo),013/086,Holo Rare,Normal,Ungraded,Near Mint,1,0.0,21.08,21.08,0.58,,6.26,tcgplayer,True,cache,set:name_exact+card:name_number,Delphox - 13/124 (XY Fates Collide),Deck Exclusives,false,2026-09-09,,,-70.3,0.0,🔴 Down
47,Deck Exclusives,Ampharos - 029/086 (Non-Holo),029/086,Rare,Normal,Ungraded,Near Mint,1,0.0,14.83,14.83,1.97,,21.28,tcgplayer,True,cache,set:name_exact+card:set_number,Empoleon - 29/108 (Battle Arena Deck Exclusive),Deck Exclusives,false,2026-09-09,,,43.49,0.0,🟢 Up
49,Deck Exclusives,Machamp,008/102,Holo Rare,1st Edition Holofoil,Ungraded,Near Mint,1,0.0,238.93,238.93,2.39,,25.81,tcgplayer,True,cache,set:name_exact+card:set_number,Noctowl - 8/123 (HeartGold & SoulSilver),Deck Exclusives,false,2026-09-09,,,-89.2,0.0,🔴 Down
71,Evolutions,Vulpix,14/108,Common,Normal,Ungraded,Near Mint,1,0.0,2.12,2.12,0.22,,2.38,both,True,cache,set:name_suffix+card:name_number,Vulpix,XY - Evolutions,false,2026-09-09,,,12.26,0.0,🟢 Up
64,Evolutions,Poliwag,23/108,Common,Reverse Holofoil,Ungraded,Near Mint,1,0.0,5.2,5.2,0.21,,2.27,both,True,cache,set:name_suffix+card:name_number,Poliwag,XY - Evolutions,false,2026-09-09,,,-56.35,0.0,🔴 Down
65,Evolutions,Poliwag,23/108,Common,Normal,Ungraded,Near Mint,2,0.0,2.02,4.04,0.21,,4.54,both,True,cache,set:name_suffix+card:name_number,Poliwag,XY - Evolutions,false,2026-09-09,,,12.38,0.0,🟢 Up
58,Evolutions,Dewgong,29/108,Rare,Normal,Ungraded,Near Mint,1,0.0,2.12,2.12,0.22,,2.38,both,True,cache,set:name_suffix+card:name_number,Dewgong,XY - Evolutions,false,2026-09-09,,,12.26,0.0,🟢 Up
70,Evolutions,Voltorb,39/108,Common,Normal,Ungraded,Near Mint,2,0.0,1.64,3.28,0.17,,3.67,both,True,cache,set:name_suffix+card:name_number,Voltorb,XY - Evolutions,false,2026-09-09,,,11.89,0.0,🟢 Up
63,Evolutions,Metapod,4/108,Uncommon,Normal,Ungraded,Near Mint,1,0.0,2.21,2.21,0.23,,2.48,both,True,cache,set:name_suffix+card:name_number,Metapod,XY - Evolutions,false,2026-09-09,,,12.22,0.0,🟢 Up
59,Evolutions,Diglett,55/108,Common,Normal,Ungraded,Near Mint,1,0.0,1.06,1.06,0.11,,1.19,both,True,cache,set:name_suffix+card:name_number,Diglett,XY - Evolutions,false,2026-09-09,,,12.26,0.0,🟢 Up
62,Evolutions,Machop,57/108,Common,Normal,Ungraded,Near Mint,1,0.0,1.83,1.83,0.19,,2.05,both,True,cache,set:name_suffix+card:name_number,Machop,XY - Evolutions,false,2026-09-09,,,12.02,0.0,🟢 Up
66,Evolutions,Raticate,67/108,Rare,Normal,Ungraded,Near Mint,2,0.0,1.64,3.28,0.17,,3.67,both,True,cache,set:name_suffix+card:name_number,Raticate,XY - Evolutions,false,2026-09-09,,,11.89,0.0,🟢 Up
60,Evolutions,Doduo,69/108,Common,Normal,Ungraded,Near Mint,1,0.0,1.73,1.73,0.18,,1.94,both,True,cache,set:name_suffix+card:name_number,Doduo,XY - Evolutions,false,2026-09-09,,,12.14,0.0,🟢 Up
56,Evolutions,Beedrill,7/108,Rare,Normal,Ungraded,Near Mint,1,0.0,2.5,2.5,0.27,,2.92,both,True,cache,set:name_suffix+card:name_number,Beedrill,XY - Evolutions,false,2026-09-09,,,16.8,0.0,🟢 Up
68,Evolutions,Tangela,8/108,Common,Normal,Ungraded,Near Mint,2,0.0,2.31,4.62,0.24,,5.18,both,True,cache,set:name_suffix+card:name_number,Tangela,XY - Evolutions,false,2026-09-09,,,12.12,0.0,🟢 Up
67,Evolutions,Slowbro Spirit Link,86/108,Uncommon,Reverse Holofoil,Ungraded,Near Mint,1,0.0,9.53,9.53,0.28,,3.02,both,True,cache,set:name_suffix+card:name_number,Slowbro Spirit Link,XY - Evolutions,false,2026-09-09,,,-68.31,0.0,🔴 Down
69,Evolutions,Venusaur Spirit Link,89/108,Uncommon,Normal,Ungraded,Near Mint,1,0.0,2.31,2.31,0.24,,2.59,both,True,cache,set:name_suffix+card:name_number,Venusaur Spirit Link,XY - Evolutions,false,2026-09-09,,,12.12,0.0,🟢 Up
61,Evolutions,Lightning Energy,94/108,Common,Reverse Holofoil,Ungraded,Near Mint,1,0.0,21.85,21.85,0.21,,2.27,both,True,cache,set:name_suffix+card:name_number,Lightning Energy,XY - Evolutions,false,2026-09-09,,,-89.61,0.0,🔴 Down
57,Evolutions,Darkness Energy,97/108,Common,Reverse Holofoil,Ungraded,Near Mint,1,0.0,96.36,96.36,1.5,,16.2,both,True,cache,set:name_suffix+card:name_number,Darkness Energy,XY - Evolutions,false,2026-09-09,,,-83.19,0.0,🔴 Down
159,Scarlet & Violet Base Set,Miraidon ex,253/198,Hyper Rare,Holofoil,Ungraded,Near Mint,1,0.0,73.64,73.64,7.65,,82.62,tcgplayer,True,cache,set:name_suffix+card:name_number,Miraidon ex - 253/198,SV01: Scarlet & Violet Base Set,false,2026-09-09,,,12.19,0.0,🟢 Up
24,Blister Exclusives,Virizion,13/101,Holo Rare,Holofoil,Ungraded,Near Mint,1,0.0,76.82,76.82,1.98,,21.38,tcgplayer,True,cache,set:name_exact+card:name_number,Virizion,Noble Victories,false,2026-09-09,,,-72.17,0.0,🔴 Down
23,Blister Exclusives,Baxcalibur (Cosmos Holo),060/193,Promo,Holofoil,Ungraded,Near Mint,1,0.0,4.52,4.52,0.46,,4.97,tcgplayer,True,cache,set:name_exact+card:name_number,Baxcalibur - 060/193 (Cosmos Holo),Blister Exclusives,false,2026-09-09,,,9.96,0.0,🟢 Up
143,Paldea Evolved,Sprigatito,196/193,Illustration Rare,Holofoil,Ungraded,Near Mint,1,0.0,550.55,550.55,57.19,,617.65,both,True,cache,set:name_suffix+card:name_number,Sprigatito - 196/193,SV02: Paldea Evolved,false,2026-09-09,,,12.19,0.0,🟢 Up
166,SV: 151,Basic Darkness Energy (Cosmos Holo),007,Common,Holofoil,Ungraded,Near Mint,1,0.0,13.09,13.09,0.29,,3.13,both,True,cache,set:name_exact+card:set_number,Squirtle - 007/165,SV: Scarlet & Violet 151,false,2026-09-09,,,-76.09,0.0,🔴 Down
179,Trick or Trade BOOster Bundle 2023,Trevenant,017/196,Holo Rare,Holofoil,Ungraded,Near Mint,1,0.0,1.64,1.64,0.16,,1.73,both,True,cache,set:name_exact+card:name_number,Trevenant,Trick or Trade BOOster Bundle 2023,false,2026-09-09,,,5.49,0.0,🟢 Up
177,Trick or Trade BOOster Bundle 2023,Pikachu,062/193,Common,Holofoil,Ungraded,Near Mint,1,0.0,5.01,5.01,0.51,,5.51,both,True,cache,set:name_exact+card:name_number,Pikachu,Trick or Trade BOOster Bundle 2023,false,2026-09-09,,,9.98,0.0,🟢 Up
175,Trick or Trade BOOster Bundle 2023,Dusknoir,071/185,Holo Rare,Holofoil,Ungraded,Near Mint,1,0.0,1.35,1.35,0.14,,1.51,both,True,cache,set:name_exact+card:name_number,Dusknoir,Trick or Trade BOOster Bundle 2023,false,2026-09-09,,,11.85,0.0,🟢 Up
174,Trick or Trade BOOster Bundle 2023,Banette,073/196,Rare,Normal,Ungraded,Near Mint,1,0.0,1.73,1.73,0.18,,1.94,both,True,cache,set:name_exact+card:name_number,Banette,Trick or Trade BOOster Bundle 2023,false,2026-09-09,,,12.14,0.0,🟢 Up
178,Trick or Trade BOOster Bundle 2023,Polteageist,090/202,Rare,Normal,Ungraded,Near Mint,1,0.0,1.25,1.25,0.13,,1.4,both,True,cache,set:name_exact+card:name_number,Polteageist,Trick or Trade BOOster Bundle 2023,false,2026-09-09,,,12.0,0.0,🟢 Up
176,Trick or Trade BOOster Bundle 2023,Lycanroc,095/185,Rare,Normal,Ungraded,Near Mint,1,0.0,1.64,1.64,0.18,,1.94,both,True,cache,set:name_exact+card:name_number,Lycanroc,Trick or Trade BOOster Bundle 2023,false,2026-09-09,,,18.29,0.0,🟢 Up
145,Paradox Rift,Yveltal,118/182,Rare,Reverse Holofoil,Ungraded,Near Mint,1,0.0,2.31,2.31,0.16,,1.73,both,True,cache,set:name_suffix+card:name_number,Yveltal - 118/182,SV04: Paradox Rift,false,2026-09-09,,,-25.11,0.0,🔴 Down
144,Paradox Rift,Deoxys,074/182,Rare,Reverse Holofoil,Ungraded,Near Mint,1,0.0,2.7,2.7,0.22,,2.38,both,True,cache,set:name_suffix+card:name_number,Deoxys,SV04: Paradox Rift,false,2026-09-09,,,-11.85,0.0,🔴 Down
173,Trading Card Game Classic,Lt. Surge's Rattata,015/034,Classic Collection,Holofoil,Ungraded,Near Mint,1,0.0,22.53,22.53,8.73,,94.28,tcgplayer,True,cache,set:name_exact+card:set_number,Chansey,Trading Card Game Classic,false,2026-09-09,,,318.46,0.0,🟢 Up
172,Trading Card Game Classic,Lt. Surge's Raticate,016/034,Classic Collection,Holofoil,Ungraded,Near Mint,1,0.0,14.44,14.44,16.65,,179.82,tcgplayer,True,cache,set:name_exact+card:set_number,Snorlax,Trading Card Game Classic,false,2026-09-09,,,1145.29,0.0,🟢 Up
170,Temporal Forces,Gengar ex,104/162,Double Rare,Holofoil,Ungraded,Near Mint,1,0.0,63.25,63.25,6.37,,68.8,both,True,cache,set:name_suffix+card:name_number,Gengar ex - 104/162,SV05: Temporal Forces,false,2026-09-09,,,8.77,0.0,🟢 Up
184,Twilight Masquerade,Teal Mask Ogerpon ex,221/167,Hyper Rare,Holofoil,Ungraded,Near Mint,2,0.0,88.47,176.94,9.19,,198.5,both,True,cache,set:name_suffix+card:name_number,Teal Mask Ogerpon ex - 221/167,SV06: Twilight Masquerade,false,2026-09-09,,,12.18,0.0,🟢 Up
183,Twilight Masquerade,Magcargo ex,029/167,Double Rare,Holofoil,Ungraded,Near Mint,1,0.0,6.26,6.26,0.65,,7.02,both,True,cache,set:name_suffix+card:name_number,Magcargo ex - 029/167,SV06: Twilight Masquerade,false,2026-09-09,,,12.14,0.0,🟢 Up
182,Twilight Masquerade,Iron Thorns ex,077/167,Double Rare,Holofoil,Ungraded,Near Mint,1,0.0,6.55,6.55,0.67,,7.24,both,True,cache,set:name_suffix+card:name_number,Iron Thorns ex - 077/167,SV06: Twilight Masquerade,false,2026-09-09,,,10.53,0.0,🟢 Up
181,Trick or Trade BOOster Bundle 2024,Umbreon,130/197,Uncommon,Normal,Ungraded,Near Mint,1,0.0,4.52,4.52,0.46,,4.97,both,True,cache,set:name_exact+card:name_number,Umbreon,Trick or Trade BOOster Bundle 2024,false,2026-09-09,,,9.96,0.0,🟢 Up
180,Trick or Trade BOOster Bundle 2024,Fezandipiti (Cosmos Holo),096/167,Holo Rare,Holofoil,Ungraded,Near Mint,1,0.0,2.31,2.31,0.23,,2.48,both,True,cache,set:name_exact+card:name_number,Fezandipiti (Cosmos Holo),Trick or Trade BOOster Bundle 2024,false,2026-09-09,,,7.36,0.0,🟢 Up
21,Battle Region,Hisuian Typhlosion VSTAR (JP),029/067,Ultra Rare,Holofoil,Ungraded,Near Mint,1,0.0,23.19,23.19,0.84,,9.07,both,True,cache,set:name_suffix+card:name_number,Hisuian Typhlosion VSTAR - 029/067,S9a: Battle Region,false,2026-09-09,,,-60.89,0.0,🔴 Down
160,Shiny Star V,Zamazenta V (JP),330/190,Secret Rare,Holofoil,Ungraded,Near Mint,1,0.0,176.65,176.65,9.92,,107.14,both,True,cache,set:name_suffix+card:name_number,Zamazenta V - 330/190,S4a: Shiny Star V,false,2026-09-09,,,-39.35,0.0,🔴 Down
188,VSTAR Universe,Radiant Eternatus (JP),115/172,Radiant Rare,Holofoil,Ungraded,Near Mint,1,0.0,19.97,19.97,0.63,,6.8,both,True,cache,set:name_suffix+card:name_number,Radiant Eternatus,S12a: VSTAR Universe,false,2026-09-09,,,-65.95,0.0,🔴 Down
189,VSTAR Universe,Zeraora VMAX (JP),041/172,Ultra Rare,Holofoil,Ungraded,Near Mint,2,0.0,17.86,35.72,0.96,,20.74,both,True,cache,set:name_suffix+card:name_number,Zeraora VMAX - 041/172,S12a: VSTAR Universe,false,2026-09-09,,,-41.94,0.0,🔴 Down
187,VSTAR Universe,Gengar (JP),048/172,Rare,Holofoil,Ungraded,Near Mint,1,0.0,25.69,25.69,2.6,,28.08,both,True,cache,set:name_suffix+card:name_number,Gengar,S12a: VSTAR Universe,false,2026-09-09,,,9.3,0.0,🟢 Up
162,Surging Sparks,Alolan Exeggutor ex,133/191,Double Rare,Holofoil,Ungraded,Near Mint,1,0.0,7.61,7.61,0.79,,8.53,both,True,cache,set:name_suffix+card:name_number,Alolan Exeggutor ex - 133/191,SV08: Surging Sparks,false,2026-09-09,,,12.09,0.0,🟢 Up
163,Surging Sparks,Eternatus,141/191,Rare,Holofoil,Ungraded,Near Mint,1,0.0,2.12,2.12,0.22,,2.38,both,True,cache,set:name_suffix+card:name_number,Eternatus,SV08: Surging Sparks,false,2026-09-09,,,12.26,0.0,🟢 Up
164,Surging Sparks,Skeledirge,031/191,Rare,Holofoil,Ungraded,Near Mint,1,0.0,2.12,2.12,0.23,,2.48,both,True,cache,set:name_suffix+card:name_number,Skeledirge,SV08: Surging Sparks,false,2026-09-09,,,16.98,0.0,🟢 Up
165,Surging Sparks,Sylveon ex,086/191,Double Rare,Holofoil,Ungraded,Near Mint,1,0.0,24.93,24.93,2.69,,29.05,both,True,cache,set:name_suffix+card:name_number,Sylveon ex,SV08: Surging Sparks,false,2026-09-09,,,16.53,0.0,🟢 Up
106,Jungle (Japanese),Oddish (JP),043,Common,Normal,Ungraded,Near Mint,1,0.0,32.66,32.66,,,,,False,miss,set:name_suffix+card:none,,,false,2026-09-09,,,,,⚪ No data
83,Fossil (Japanese),Hypno (JP),097,Rare,Holofoil,Ungraded,Near Mint,1,0.0,123.72,123.72,,,,,False,miss,set:name_suffix+card:none,,,false,2026-09-09,,,,,⚪ No data
118,Miscellaneous Cards & Products,Ho-Oh (EB Games Exclusive),010/086,Rare,Holofoil,Ungraded,Near Mint,1,0.0,896.53,896.53,0.52,,5.62,tcgplayer,True,cache,set:name_exact+card:set_number,Abomasnow - 010/198 (Holiday Calendar),Miscellaneous Cards & Products,false,2026-09-09,,,-99.37,0.0,🔴 Down
122,Miscellaneous Cards & Products,Steelix (Cosmos Holo),125/182,Rare,Holofoil,Ungraded,Near Mint,1,0.0,103.78,103.78,10.78,,116.42,tcgplayer,True,cache,set:name_exact+card:name_number,Steelix - 125/182 (Cosmos Holo),Miscellaneous Cards & Products,false,2026-09-09,,,12.18,0.0,🟢 Up
119,Miscellaneous Cards & Products,Keldeo (Chaos Rising Stamped),019/086,Rare,Holofoil,Ungraded,Near Mint,1,0.0,90.01,90.01,2.99,,32.29,tcgplayer,True,cache,set:name_exact+card:set_number,Charmeleon - 19/147 (Premium Collection Promo),Miscellaneous Cards & Products,false,2026-09-09,,,-64.13,0.0,🔴 Down
120,Miscellaneous Cards & Products,Lapras (Holiday Calendar),048/202,Promo,Holofoil,Ungraded,Near Mint,1,0.0,42.74,42.74,4.44,,47.95,tcgplayer,True,cache,set:name_exact+card:name_number,Lapras - 048/202 (Holiday Calendar),Miscellaneous Cards & Products,false,2026-09-09,,,12.19,0.0,🟢 Up
121,Miscellaneous Cards & Products,Pikachu (Pokemon Day 2026),051/162,Common,Holofoil,Ungraded,Near Mint,1,0.0,25.9,25.9,30.28,,327.02,tcgplayer,True,cache,set:name_exact+card:set_number,Team Rocket's Articuno (Destined Rivals Stamp),Miscellaneous Cards & Products,false,2026-09-09,,,1162.63,0.0,🟢 Up
167,SV: Premium Trainer Box ex,Pokegear 3.0,004/028,,Normal,Ungraded,Near Mint,1,0.0,19.25,19.25,,,,both,True,cache,set:name_exact+card:name_number,Pokegear 3.0,SV: Premium Trainer Box ex,false,2026-09-09,,,,,⚪ No data
158,Prismatic Evolutions,Umbreon (Poke Ball Pattern),059/131,Rare,Holofoil,Ungraded,Near Mint,1,0.0,40.62,40.62,0.47,,5.08,both,True,cache,set:name_suffix+card:name_number,Umbreon,SV: Prismatic Evolutions,false,2026-09-09,,,-87.49,0.0,🔴 Down
157,Prismatic Evolutions,Umbreon ex,060/131,Double Rare,Holofoil,Ungraded,Near Mint,3,0.0,80.38,241.14,8.43,,273.13,both,True,cache,set:name_suffix+card:name_number,Umbreon ex - 060/131,SV: Prismatic Evolutions,false,2026-09-09,,,13.27,0.0,🟢 Up
46,Dark Rush,Raikou EX (JP),025/069,Rare,Holofoil,Ungraded,Near Mint,1,0.0,89.91,89.91,8.13,,87.8,both,True,cache,set:name_suffix+card:name_number,Raikou EX - 025/069,BW4: Dark Rush,false,2026-09-09,,,-2.35,0.0,🔴 Down
171,Terastal Festival ex,Umbreon (JP),092/187,Rare,Normal,Ungraded,Near Mint,1,0.0,16.44,16.44,0.33,,3.56,both,True,cache,set:name_suffix+card:name_number,Umbreon,SV8a: Terastal Fest ex,false,2026-09-09,,,-78.35,0.0,🔴 Down
79,EX Holon Phantoms,Mightyena ex,101,Ultra Rare,Holofoil,Ungraded,Near Mint,1,0.0,962.57,962.57,99.99,,1079.89,both,True,cache,set:name_fuzzy+card:name_number,Mightyena ex,Holon Phantoms,false,2026-09-16,,,12.19,0.0,🟢 Up
78,EX Holon Phantoms,Corphish (63),63,Common,Reverse Holofoil,Ungraded,Near Mint,1,0.0,345.6,345.6,0.37,,4.0,both,True,cache,set:name_fuzzy+card:name_number,Corphish - 063/110,Holon Phantoms,false,2026-09-16,,,-98.84,0.0,🔴 Down
80,EX Holon Phantoms,Poochyena,80,Common,Reverse Holofoil,Ungraded,Near Mint,1,0.0,156.24,156.24,0.56,,6.05,both,True,cache,set:name_fuzzy+card:name_number,Poochyena,Holon Phantoms,false,2026-09-16,,,-96.13,0.0,🔴 Down
51,Detective Pikachu,Lickitung (Holo Common),16,Common,Holofoil,Ungraded,Near Mint,1,0.0,4.04,4.04,0.43,,4.64,both,True,cache,set:name_exact+card:name_number,Lickitung (Holo Common),Detective Pikachu,false,2026-09-09,,,14.85,0.0,🟢 Up
52,Detective Pikachu,Morelull (Holo Common),3,Common,Holofoil,Ungraded,Near Mint,1,0.0,3.56,3.56,0.37,,4.0,both,True,cache,set:name_exact+card:name_number,Morelull (Holo Common),Detective Pikachu,false,2026-09-09,,,12.36,0.0,🟢 Up
94,Hanada City Gym Deck,Misty's Cloyster (JP),091,Uncommon,Normal,Ungraded,Near Mint,1,0.0,48.13,48.13,,,,,False,miss,set:name_fuzzy+card:none,,,false,2026-09-09,,,,,⚪ No data
50,Destined Rivals,Team Rocket's Moltres ex,031/182,Double Rare,Holofoil,Ungraded,Near Mint,1,0.0,7.61,7.61,0.9,,9.72,both,True,cache,set:name_suffix+card:name_number,Team Rocket's Moltres ex,SV10: Destined Rivals,false,2026-09-09,,,27.73,0.0,🟢 Up
169,Team Rocket (Japanese),Dark Machamp (JP),068,Rare,Holofoil,Ungraded,Near Mint,1,0.0,250.31,250.31,0.16,,1.73,both,True,cache,set:name_suffix+card:set_number,Team Rocket's Muk,SV10: The Glory of Team Rocket,false,2026-09-09,,,-99.31,0.0,🔴 Down
22,Black Bolt,Excadrill ex,160/086,Ultra Rare,Holofoil,CGC 9.0 Mint,Near Mint,1,0.0,0.0,0.0,0.81,,8.75,both,True,cache,set:name_suffix+card:name_number,Excadrill ex - 160/086,SV: Black Bolt,false,2026-09-09,,,,0.0,🟡 Flat
113,Mega Brave,Mega Lucario,029/063,Double Rare,Holofoil,Ungraded,Near Mint,1,0.0,4.52,4.52,0.47,,5.08,both,True,cache,set:name_suffix+card:set_number,Mega Lucario ex - 029/063,m1L: Mega Brave,false,2026-09-09,,,12.39,0.0,🟢 Up
117,Mega Evolution Promos,Totodile,048,Promo,Holofoil,Ungraded,Near Mint,1,0.0,96.56,96.56,10.36,,111.89,both,True,cache,set:name_suffix+card:name_number,Totodile - 048,ME: Mega Evolution Promo,false,2026-09-09,,,15.88,0.0,🟢 Up
116,Mega Evolution Promos,Fennekin (Pokemon Center Exclusive),080,Promo,Holofoil,Ungraded,Near Mint,1,0.0,305.36,305.36,31.72,,342.58,both,True,cache,set:name_suffix+card:name_number,Fennekin - 080 (Pokemon Center Exclusive),ME: Mega Evolution Promo,false,2026-09-09,,,12.19,0.0,🟢 Up
115,Mega Evolution Promos,Alakazam,009,Promo,Holofoil,CGC 9.5 Mint+,Near Mint,1,0.0,327.31,327.31,7.17,,77.44,both,True,cache,set:name_suffix+card:name_number,Alakazam - 009,ME: Mega Evolution Promo,false,2026-09-09,,,-76.34,0.0,🔴 Down
112,MEE: Mega Evolution Energies,Basic Darkness Energy - 007,7,Common,Reverse Holofoil,Ungraded,Near Mint,1,0.0,4.24,4.24,0.12,,1.3,both,True,cache,set:name_exact+card:name_number,Basic Darkness Energy - 007,MEE: Mega Evolution Energies,false,2026-09-09,,,-69.34,0.0,🔴 Down
114,MEGA Dream ex,Rayquaza,127/193,,Holofoil,Ungraded,Near Mint,1,0.0,2.79,2.79,0.41,,4.43,both,True,cache,set:name_exact+card:name_number,Rayquaza,MEGA Dream ex,false,2026-09-09,,,58.78,0.0,🟢 Up
2,Ascended Heroes,Lunatone (Energy Symbol Pattern),105/217,Rare,Reverse Holofoil,Ungraded,Near Mint,1,0.0,2.89,2.89,0.3,,3.24,both,True,cache,set:name_suffix+card:name_number,Lunatone (Energy Symbol Pattern),ME: Ascended Heroes,false,2026-09-09,,,12.11,0.0,🟢 Up
148,Perfect Order,Lapras ex,022/088,Double Rare,Holofoil,Ungraded,Near Mint,1,0.0,5.87,5.87,0.55,,5.94,both,True,cache,set:name_suffix+card:name_number,Lapras ex,ME03: Perfect Order,false,2026-09-09,,,1.19,0.0,🟢 Up
151,Perfect Order,Tyrantrum,045/088,Rare,Reverse Holofoil,Ungraded,Near Mint,1,0.0,2.6,2.6,0.2,,2.16,both,True,cache,set:name_suffix+card:name_number,Tyrantrum,ME03: Perfect Order,false,2026-09-09,,,-16.92,0.0,🔴 Down
152,Perfect Order,Yveltal ex,053/088,Double Rare,Holofoil,Ungraded,Near Mint,1,0.0,6.06,6.06,0.58,,6.26,both,True,cache,set:name_suffix+card:name_number,Yveltal ex - 053/088,ME03: Perfect Order,false,2026-09-09,,,3.3,0.0,🟢 Up
149,Perfect Order,Poke Pad,081/088,Uncommon,Normal,Ungraded,Near Mint,1,0.0,2.02,2.02,0.27,,2.92,both,True,cache,set:name_suffix+card:name_number,Poke Pad - 081/088,ME03: Perfect Order,false,2026-09-09,,,44.55,0.0,🟢 Up
150,Perfect Order,Rosa's Encouragement,084/088,Uncommon,Reverse Holofoil,Ungraded,Near Mint,1,0.0,2.02,2.02,0.13,,1.4,both,True,cache,set:name_suffix+card:name_number,Rosa's Encouragement - 084/088,ME03: Perfect Order,false,2026-09-09,,,-30.69,0.0,🔴 Down
147,Perfect Order,Espurr,095/088,Illustration Rare,Holofoil,Ungraded,Near Mint,1,0.0,31.96,31.96,3.27,,35.32,both,True,cache,set:name_suffix+card:name_number,Espurr - 095/088,ME03: Perfect Order,false,2026-09-09,,,10.51,0.0,🟢 Up
146,Perfect Order,Doublade,098/088,Illustration Rare,Holofoil,Ungraded,Near Mint,1,0.0,17.23,17.23,1.77,,19.12,both,True,cache,set:name_suffix+card:name_number,Doublade - 098/088,ME03: Perfect Order,false,2026-09-09,,,10.97,0.0,🟢 Up
136,Nihil Zero,Energy Recycler,101/080,Super Rare,Holofoil,Ungraded,Near Mint,1,0.0,4.14,4.14,0.43,,4.64,tcgplayer,True,cache,set:name_suffix+card:name_number,Energy Recycler,M3: Nihil Zero,false,2026-09-09,,,12.08,0.0,🟢 Up
138,Nihil Zero,Rock F Energy,080/080,Rare,Holofoil,Ungraded,Near Mint,1,0.0,1.83,1.83,0.19,,2.05,both,True,cache,set:name_suffix+card:name_number,Rock F Energy,M3: Nihil Zero,false,2026-09-09,,,12.02,0.0,🟢 Up
139,Nihil Zero,Rowlet,082/080,Art Rare,Holofoil,Ungraded,Near Mint,1,0.0,29.07,29.07,3.01,,32.51,both,True,cache,set:name_suffix+card:name_number,Rowlet - 082/080,M3: Nihil Zero,false,2026-09-09,,,11.83,0.0,🟢 Up
135,Nihil Zero,Clefairy,086/080,Art Rare,Holofoil,Ungraded,Near Mint,1,0.0,95.11,95.11,9.9,,106.92,both,True,cache,set:name_suffix+card:name_number,Clefairy - 086/080,M3: Nihil Zero,false,2026-09-09,,,12.42,0.0,🟢 Up
137,Nihil Zero,Raticate,092/080,Art Rare,Holofoil,Ungraded,Near Mint,1,0.0,15.5,15.5,1.61,,17.39,both,True,cache,set:name_suffix+card:name_number,Raticate - 092/080,M3: Nihil Zero,false,2026-09-09,,,12.19,0.0,🟢 Up
140,Nihil Zero,Salazzle ex,094/080,Super Rare,Holofoil,Ungraded,Near Mint,1,0.0,24.07,24.07,2.5,,27.0,both,True,cache,set:name_suffix+card:name_number,Salazzle ex - 094/080,M3: Nihil Zero,false,2026-09-09,,,12.17,0.0,🟢 Up
41,Chaos Rising,Mega Pyroar ex,015/086,Double Rare,Holofoil,Ungraded,Near Mint,1,0.0,5.49,5.49,0.48,,5.18,both,True,cache,set:name_exact+card:name_number,Mega Pyroar ex - 015/086,Chaos Rising,false,2026-09-09,,,-5.65,0.0,🔴 Down
35,Chaos Rising,Ampharos,029/086,Rare,Holofoil,Ungraded,Near Mint,1,0.0,1.54,1.54,0.16,,1.73,both,True,cache,set:name_exact+card:name_number,Ampharos - 029/086,Chaos Rising,false,2026-09-09,,,12.34,0.0,🟢 Up
36,Chaos Rising,Ampharos,029/086,Rare,Reverse Holofoil,Ungraded,Near Mint,2,0.0,2.02,4.04,0.16,,3.46,both,True,cache,set:name_exact+card:name_number,Ampharos - 029/086,Chaos Rising,false,2026-09-09,,,-14.36,0.0,🔴 Down
42,Chaos Rising,Trevenant,039/086,Rare,Holofoil,Ungraded,Near Mint,1,0.0,1.25,1.25,0.13,,1.4,both,True,cache,set:name_exact+card:name_number,Trevenant,Chaos Rising,false,2026-09-09,,,12.0,0.0,🟢 Up
44,Chaos Rising,Xerneas,042/086,Rare,Reverse Holofoil,Ungraded,Near Mint,1,0.0,2.6,2.6,0.17,,1.84,both,True,cache,set:name_exact+card:name_number,Xerneas - 042/086,Chaos Rising,false,2026-09-09,,,-29.23,0.0,🔴 Down
40,Chaos Rising,Crobat,051/086,Rare,Reverse Holofoil,Ungraded,Near Mint,1,0.0,2.21,2.21,0.14,,1.51,both,True,cache,set:name_exact+card:name_number,Crobat - 051/086,Chaos Rising,false,2026-09-09,,,-31.67,0.0,🔴 Down
38,Chaos Rising,Chesnaught,007/086,Rare,Reverse Holofoil,Ungraded,Near Mint,1,0.0,1.93,1.93,0.2,,2.16,both,True,cache,set:name_exact+card:name_number,Chesnaught,Chaos Rising,false,2026-09-09,,,11.92,0.0,🟢 Up
39,Chaos Rising,Cinccino ex,073/086,Double Rare,Holofoil,Ungraded,Near Mint,1,0.0,6.74,6.74,0.63,,6.8,both,True,cache,set:name_exact+card:name_number,Cinccino ex - 073/086,Chaos Rising,false,2026-09-09,,,0.89,0.0,🟢 Up
37,Chaos Rising,Bubbly Water Energy,084/086,Rare,Reverse Holofoil,Ungraded,Near Mint,1,0.0,2.41,2.41,0.16,,1.73,both,True,cache,set:name_exact+card:set_number,Bubbly W Energy,Chaos Rising,false,2026-09-09,,,-28.22,0.0,🔴 Down
43,Chaos Rising,Xerneas,091/086,Illustration Rare,Holofoil,Ungraded,Near Mint,1,0.0,49.29,49.29,5.32,,57.46,both,True,cache,set:name_exact+card:name_number,Xerneas - 091/086,Chaos Rising,false,2026-09-09,,,16.58,0.0,🟢 Up
153,Pitch Black,Energy Switch,107/084,Ultra Rare,Holofoil,Ungraded,Near Mint,1,0.0,17.42,17.42,2.06,,22.25,both,True,cache,set:name_exact+card:name_number,Energy Switch,Pitch Black,false,2026-09-09,,,27.73,0.0,🟢 Up
154,Pitch Black,Shadowy Darkness Energy,083/084,Rare,Holofoil,Ungraded,Near Mint,1,0.0,1.44,1.44,0.16,,1.73,both,True,cache,set:name_exact+card:name_number,Shadowy Darkness Energy,Pitch Black,false,2026-09-09,,,20.14,0.0,🟢 Up
155,Pitch Black,Slowbro,090/084,Illustration Rare,Holofoil,Ungraded,Near Mint,1,0.0,63.25,63.25,6.54,,70.63,both,True,cache,set:name_exact+card:name_number,Slowbro - 090/084,Pitch Black,false,2026-09-22,,,11.67,0.0,🟢 Up
84,Fusion Strike,Greedent VMAX,218/264,Ultra Rare,Holofoil,Ungraded,Near Mint,1,0.0,13.96,13.96,1.45,,15.66,both,True,cache,set:name_suffix+card:name_number,Greedent VMAX,SWSH08: Fusion Strike,false,2026-09-09,,,12.18,0.0,🟢 Up
34,Celebrations: Classic Collection,M Rayquaza EX,76/108,Classic Collection,Holofoil,Ungraded,Near Mint,1,0.0,351.95,351.95,36.64,,395.71,both,True,cache,set:name_exact+card:name_number,M Rayquaza EX,Celebrations: Classic Collection,false,2026-09-09,,,12.43,0.0,🟢 Up
33,Brilliant Stars,Psychic Energy (2022 Unnumbered),,Common,Reverse Holofoil,Ungraded,Near Mint,1,0.0,3.47,3.47,569.81,,6153.95,tcgplayer,True,cache,set:name_suffix+card:set_number,Brilliant Stars Booster Box,SWSH09: Brilliant Stars,false,2026-09-09,,,177247.26,0.0,🟢 Up
8,Base Set (Unlimited),Alakazam,1,Holo Rare,Holofoil,Ungraded,Near Mint,1,0.0,668.0,668.0,,,,,False,miss,set:name_exact+card:reject,,,false,2026-09-09,,,,,⚪ No data
20,Base Set (Unlimited),Raichu,14,Holo Rare,Holofoil,Ungraded,Near Mint,1,0.0,649.51,649.51,67.47,,728.68,both,True,cache,set:name_exact+card:name_number,Raichu,Base Set,false,2026-09-09,,,12.19,0.0,🟢 Up
11,Base Set (Unlimited),Electabuzz,20,Rare,Normal,Ungraded,Near Mint,1,0.0,96.94,96.94,9.97,,107.68,both,True,cache,set:name_exact+card:name_number,Electabuzz,Base Set,false,2026-09-09,,,11.08,0.0,🟢 Up
9,Base Set (Unlimited),Charmeleon,24,Uncommon,Normal,Ungraded,Near Mint,1,0.0,32.63,32.63,3.33,,35.96,both,True,cache,set:name_exact+card:name_number,Charmeleon,Base Set,false,2026-09-09,,,10.21,0.0,🟢 Up
13,Base Set (Unlimited),Farfetch'd,27,Uncommon,Normal,Ungraded,Near Mint,1,0.0,13.67,13.67,1.42,,15.34,both,True,cache,set:name_exact+card:name_number,Farfetch'd,Base Set,false,2026-09-09,,,12.22,0.0,🟢 Up
15,Base Set (Unlimited),Ivysaur,30,Uncommon,Normal,Ungraded,Near Mint,1,0.0,52.75,52.75,5.59,,60.37,both,True,cache,set:name_exact+card:name_number,Ivysaur,Base Set,false,2026-09-09,,,14.45,0.0,🟢 Up
16,Base Set (Unlimited),Kadabra,32,Uncommon,Normal,Ungraded,Near Mint,2,0.0,24.74,49.48,2.72,,58.75,both,True,cache,set:name_exact+card:name_number,Kadabra,Base Set,false,2026-09-09,,,18.73,0.0,🟢 Up
10,Base Set (Unlimited),Doduo,48,Common,Normal,Ungraded,Near Mint,1,0.0,11.46,11.46,1.16,,12.53,both,True,cache,set:name_exact+card:name_number,Doduo,Base Set,false,2026-09-09,,,9.34,0.0,🟢 Up
14,Base Set (Unlimited),Gastly,50,Common,Normal,Ungraded,Near Mint,1,0.0,11.94,11.94,1.22,,13.18,both,True,cache,set:name_exact+card:name_number,Gastly,Base Set,false,2026-09-09,,,10.39,0.0,🟢 Up
17,Base Set (Unlimited),Nidoran M,55,Common,Normal,Ungraded,Near Mint,1,0.0,7.41,7.41,0.77,,8.32,both,True,cache,set:name_exact+card:name_number,Nidoran M,Base Set,false,2026-09-09,,,12.28,0.0,🟢 Up
18,Base Set (Unlimited),Pikachu,58,Common,Normal,Ungraded,Near Mint,1,0.0,111.28,111.28,11.56,,124.85,both,True,cache,set:name_exact+card:name_number,Pikachu,Base Set,false,2026-09-09,,,12.19,0.0,🟢 Up
19,Base Set (Unlimited),Poliwag,59,Common,Normal,Ungraded,Near Mint,1,0.0,8.95,8.95,0.9,,9.72,both,True,cache,set:name_exact+card:name_number,Poliwag,Base Set,false,2026-09-09,,,8.6,0.0,🟢 Up
12,Base Set (Unlimited),Energy Retrieval,81,Uncommon,Normal,Ungraded,Near Mint,1,0.0,6.06,6.06,0.63,,6.8,both,True,cache,set:name_exact+card:name_number,Energy Retrieval,Base Set,false,2026-09-09,,,12.21,0.0,🟢 Up
4,Base Set 2,Mewtwo,10,Holo Rare,Holofoil,Ungraded,Near Mint,1,0.0,996.94,996.94,103.56,,1118.45,both,True,cache,set:name_exact+card:name_number,Mewtwo,Base Set 2,false,2026-09-09,,,12.19,0.0,🟢 Up
3,Base Set 2,Charmander,69,Common,Normal,Ungraded,Near Mint,2,0.0,17.33,34.66,1.8,,38.88,both,True,cache,set:name_exact+card:name_number,Charmander,Base Set 2,false,2026-09-09,,,12.18,0.0,🟢 Up
5,Base Set 2,Venonat,97,Common,Normal,Ungraded,Near Mint,1,0.0,11.26,11.26,1.17,,12.64,both,True,cache,set:name_exact+card:name_number,Venonat,Base Set 2,false,2026-09-09,,,12.26,0.0,🟢 Up
102,Jungle,Jolteon,20,Rare,Unlimited,Ungraded,Near Mint,1,0.0,244.81,244.81,25.43,,274.64,both,True,cache,set:name_exact+card:name_number,Jolteon (20),Jungle,false,2026-09-18,,,12.18,0.0,🟢 Up
95,Jungle,Butterfree,33,Uncommon,Unlimited,Ungraded,Near Mint,1,0.0,21.47,21.47,1.86,,20.09,both,True,cache,set:name_exact+card:name_number,Butterfree,Jungle,false,2026-09-09,,,-6.43,0.0,🔴 Down
98,Jungle,Fearow,36,Uncommon,Unlimited,Ungraded,Near Mint,1,0.0,10.3,10.3,1.07,,11.56,both,True,cache,set:name_exact+card:name_number,Fearow,Jungle,false,2026-09-09,,,12.23,0.0,🟢 Up
101,Jungle,Jolteon,4,Holo Rare,Unlimited Holofoil,Ungraded,Near Mint,1,0.0,966.04,966.04,,,,,False,miss,set:name_exact+card:reject,,,false,2026-09-09,,,,,⚪ No data
103,Jungle,Rhydon,45,Uncommon,Unlimited,Ungraded,Near Mint,1,0.0,13.86,13.86,10.66,,115.13,both,True,cache,set:name_exact+card:name_number,Rhydon,Jungle,false,2026-09-09,,,730.66,0.0,🟢 Up
105,Jungle,Weepinbell,48,Uncommon,Unlimited,Ungraded,Near Mint,1,0.0,5.97,5.97,3.74,,40.39,both,True,cache,set:name_exact+card:name_number,Weepinbell,Jungle,false,2026-09-09,,,576.55,0.0,🟢 Up
96,Jungle,Cubone,50,Common,Unlimited,Ungraded,Near Mint,1,0.0,18.48,18.48,13.23,,142.88,both,True,cache,set:name_exact+card:name_number,Cubone,Jungle,false,2026-09-09,,,673.16,0.0,🟢 Up
97,Jungle,Exeggcute,52,Common,Unlimited,Ungraded,Near Mint,1,0.0,4.24,4.24,2.54,,27.43,both,True,cache,set:name_exact+card:name_number,Exeggcute,Jungle,false,2026-09-09,,,546.93,0.0,🟢 Up
99,Jungle,Goldeen,53,Common,Unlimited,Ungraded,Near Mint,1,0.0,4.62,4.62,0.46,,4.97,both,True,cache,set:name_exact+card:name_number,Goldeen,Jungle,false,2026-09-09,,,7.58,0.0,🟢 Up
100,Jungle,Jigglypuff,54,Common,Unlimited,Ungraded,Near Mint,1,0.0,15.98,15.98,7.17,,77.44,both,True,cache,set:name_exact+card:name_number,Jigglypuff,Jungle,false,2026-09-09,,,384.61,0.0,🟢 Up
104,Jungle,Rhyhorn,61,Common,Unlimited,Ungraded,Near Mint,1,0.0,4.33,4.33,2.71,,29.27,both,True,cache,set:name_exact+card:name_number,Rhyhorn,Jungle,false,2026-09-09,,,575.98,0.0,🟢 Up
6,Base Set (Japanese),Drowzee (JP),096,Common,Normal,Ungraded,Near Mint,1,0.0,23.27,23.27,,,,,False,orphan,set:none,,,false,2026-09-09,,,,,⚪ No data
7,Base Set (Japanese),Poliwrath (JP),062,Rare,Holofoil,Ungraded,Near Mint,1,0.0,186.73,186.73,,,,,False,orphan,set:none,,,false,2026-09-09,,,,,⚪ No data
25,Brave Stars (Charm),Deoxys VMAX,053/127,RRR,Holofoil,Ungraded,Near Mint,1,0.0,20.17,20.17,,,,,False,orphan,set:none,,,false,2026-09-09,,,,,⚪ No data
26,Brave Stars (Charm),Raichu V,019/127,RR,Holofoil,Ungraded,Near Mint,1,0.0,24.93,24.93,,,,,False,orphan,set:none,,,false,2026-09-09,,,,,⚪ No data
27,Brave Stars (Charm),Solrock,129/127,AR,Holofoil,Ungraded,Near Mint,1,0.0,25.36,25.36,,,,,False,orphan,set:none,,,false,2026-09-09,,,,,⚪ No data
28,Brave Stars (Charm),Zeraora V,027/127,RR,Holofoil,Ungraded,Near Mint,1,0.0,11.94,11.94,,,,,False,orphan,set:none,,,false,2026-09-09,,,,,⚪ No data
29,Brave Stars (Courage),Oranguru V,113/128,RR,Holofoil,Ungraded,Near Mint,2,0.0,20.5,41.0,,,,,False,orphan,set:none,,,false,2026-09-09,,,,,⚪ No data
30,Brave Stars (Courage),Radiant Venusaur,004/128,K,Holofoil,Ungraded,Near Mint,1,0.0,62.25,62.25,,,,,False,orphan,set:none,,,false,2026-09-09,,,,,⚪ No data
31,Brave Stars (Courage),Serperior VSTAR,033/128,RRR,Holofoil,Ungraded,Near Mint,1,0.0,21.76,21.76,,,,,False,orphan,set:none,,,false,2026-09-09,,,,,⚪ No data
87,Gym Challenge (Japanese),Blaine's Ninetales (JP),038,Rare,Normal,Ungraded,Near Mint,1,0.0,107.66,107.66,,,,,False,orphan,set:none,,,false,2026-09-09,,,,,⚪ No data
93,Gym Heroes (Japanese),Misty's Seadra (JP),117,Rare,Holofoil,Ungraded,Near Mint,1,0.0,145.82,145.82,,,,,False,orphan,set:none,,,false,2026-09-09,,,,,⚪ No data
131,Neo Genesis (Japanese),Onix (JP),095,Common,Normal,Ungraded,Near Mint,1,0.0,34.24,34.24,,,,,False,orphan,set:none,,,false,2026-09-09,,,,,⚪ No data
186,Vending Series 1 (Blue),Poliwag (JP),060,Common,Normal,Ungraded,Near Mint,1,0.0,314.45,314.45,,,,,False,orphan,set:none,,,false,2026-09-09,,,,,⚪ No data
