Key,Value,Note
SHEET_ID,13TfMos8hP4zT3-Tf92F7ZE0hJ2r7cKJdEqvdj0gvtpM,canonical home = top of AGENTS.md
APPS_SCRIPT_ID,1zuV63oR_FZN1NRxlpgsrx5cFUuPc3p4ZgR2_pEZ8GZvJwvZEj6y2yUtr,
POKEWALLET_BASE_URL,https://api.pokewallet.io,
HOURLY_LIMIT,100,free plan
DAILY_LIMIT,1000,free plan
MIN_HOUR_REMAINING,5,safety floor left for interactive use
MIN_DAY_REMAINING,20,safety floor
USD_NOK,10.8,edit to update API->NOK conversion
EUR_NOK,11.7,edit to update API->NOK conversion
FRESH_HOURS,20,fetcher serves cached prices younger than this
SHEET_MAX_ROWS,1000,"bound grid cap; PriceSnapshots keeps newest rows, full history = local JSONL"
Generated (UTC),2026-10-02 18:53:08,
