Row,Set,Product,Number,Served From,Match Method,Set ID
85,Gem Pack,Captain Pikachu (Poke Ball Pattern) (CN),0702/09,miss,set:name_partial+card:none,-240
86,Gem Pack Vol. 5,Captain Pikachu (Star Reverse Holo) (CN),0103/07,miss,set:name_exact+card:none,-242
127,Neo Genesis,Kingdra,8,miss,set:name_exact+card:reject,1396
106,Jungle (Japanese),Oddish (JP),043,miss,set:name_suffix+card:none,23722
83,Fossil (Japanese),Hypno (JP),097,miss,set:name_suffix+card:none,23723
94,Hanada City Gym Deck,Misty's Cloyster (JP),091,miss,set:name_fuzzy+card:none,24175
8,Base Set (Unlimited),Alakazam,1,miss,set:name_exact+card:reject,604
101,Jungle,Jolteon,4,miss,set:name_exact+card:reject,635
6,Base Set (Japanese),Drowzee (JP),096,orphan,set:none,
7,Base Set (Japanese),Poliwrath (JP),062,orphan,set:none,
25,Brave Stars (Charm),Deoxys VMAX,053/127,orphan,set:none,
26,Brave Stars (Charm),Raichu V,019/127,orphan,set:none,
27,Brave Stars (Charm),Solrock,129/127,orphan,set:none,
28,Brave Stars (Charm),Zeraora V,027/127,orphan,set:none,
29,Brave Stars (Courage),Oranguru V,113/128,orphan,set:none,
30,Brave Stars (Courage),Radiant Venusaur,004/128,orphan,set:none,
31,Brave Stars (Courage),Serperior VSTAR,033/128,orphan,set:none,
87,Gym Challenge (Japanese),Blaine's Ninetales (JP),038,orphan,set:none,
93,Gym Heroes (Japanese),Misty's Seadra (JP),117,orphan,set:none,
131,Neo Genesis (Japanese),Onix (JP),095,orphan,set:none,
186,Vending Series 1 (Blue),Poliwag (JP),060,orphan,set:none,
