Metric,Value
Rows in portfolio,191
Rows with a price,170
Rows without a price,21
Coverage %,89.0
,
▸ price_source,
both,135
tcgplayer,31
(blank),21
cardmarket,4
,
▸ served_from,
cache,170
orphan,13
miss,8
,
▸ match_method,
set:name_exact+card:name_number,89
set:name_suffix+card:name_number,58
set:none,13
set:name_fuzzy+card:name_number,10
set:name_exact+card:set_number,9
set:name_exact+card:reject,3
set:name_suffix+card:set_number,3
set:name_suffix+card:none,2
set:name_exact+card:none,1
set:name_fuzzy+card:none,1
set:name_fuzzy+card:set_number,1
set:name_partial+card:none,1
