timestamp_utc,endpoint,path,query,status,remaining_hour,remaining_day,ok,error
2026-10-02T15:34:48Z,health,/health,,200,,,True,
2026-10-02T15:34:49Z,search,/search,q=pikachu&limit=3,200,99,999,True,
2026-10-02T15:35:02Z,search,/search,q=pikachu&limit=2,200,98,998,True,
2026-10-02T15:35:03Z,card,/cards/pk_4c87dcac6b799948e67647780ac444d88e323e31e0b4fefa55dce4be7a587ca712c9310e891e1ce44827,,200,97,997,True,
2026-10-02T15:35:04Z,prices,/prices/base1,,403,96,996,False,HTTP 403
2026-10-02T15:35:24Z,sets,/sets,,200,95,995,True,
2026-10-02T15:40:46Z,set,/sets/SSP,,200,94,994,True,
2026-10-02T15:40:54Z,card,/cards/pk_89947884922d00d77043316ac1ed44ea9ab9ef119f59663b91b2ebb1a622b39e9dea8ee401bb5fa5fd2cfd13ce19f6,,200,93,993,True,
2026-10-02T15:41:21Z,search,/search,q=23651+048&limit=3,200,92,992,True,
2026-10-02T15:42:20Z,search,/search,q=-113+54&limit=5,200,91,991,True,
2026-10-02T15:42:21Z,search,/search,q=-240+0702&limit=5,200,90,990,True,
2026-10-02T15:42:22Z,search,/search,q=-240+702&limit=5,200,89,989,True,
2026-10-02T15:42:23Z,search,/search,q=-242+0103&limit=5,200,88,988,True,
2026-10-02T15:42:24Z,search,/search,q=-242+103&limit=5,200,87,987,True,
2026-10-02T15:42:25Z,search,/search,q=-38+090&limit=5,200,86,986,True,
2026-10-02T15:42:27Z,search,/search,q=-38+90&limit=5,200,85,985,True,
2026-10-02T15:42:28Z,search,/search,q=-42+080&limit=5,200,84,984,True,
2026-10-02T15:44:05Z,search,/search,q=cs5.1c+90&limit=5,200,83,983,True,
2026-10-02T15:44:07Z,search,/search,q=ancient+roar+90&limit=5,200,82,982,True,
2026-10-02T15:44:08Z,search,/search,q=lot+54&limit=5,200,81,981,True,
2026-10-02T15:45:32Z,search,/search,q=-113+54&limit=5,200,80,980,True,
2026-10-02T15:45:32Z,search,/search,q=LOT+54&limit=5,200,79,979,True,
2026-10-02T15:45:32Z,search,/search,q=-240+0702&limit=5,200,78,978,True,
2026-10-02T15:45:34Z,search,/search,q=CBB4C+0702&limit=5,200,77,977,True,
2026-10-02T15:45:35Z,search,/search,q=Gem+Pack+Vol.4+0702&limit=5,200,76,976,True,
2026-10-02T15:45:35Z,search,/search,q=-242+0103&limit=5,200,75,975,True,
2026-10-02T15:45:37Z,search,/search,q=CBB5C+0103&limit=5,200,74,974,True,
2026-10-02T15:45:38Z,search,/search,q=Gem+Pack+Vol.5+0103&limit=5,200,73,973,True,
2026-10-02T15:45:38Z,search,/search,q=-38+090&limit=5,200,72,972,True,
2026-10-02T15:45:39Z,search,/search,q=CS5.1C+090&limit=5,200,71,971,True,
2026-10-02T15:45:41Z,search,/search,q=Ancient+Roar+090&limit=5,200,70,970,True,
2026-10-02T15:45:41Z,search,/search,q=-42+080&limit=5,200,69,969,True,
2026-10-02T15:45:42Z,search,/search,q=CS6.1C+080&limit=5,200,68,968,True,
2026-10-02T15:45:43Z,search,/search,q=Wild+Force+080&limit=5,200,67,967,True,
2026-10-02T15:45:44Z,search,/search,q=1373+17&limit=5,200,66,966,True,
2026-10-02T15:45:45Z,search,/search,q=1374+67&limit=5,200,65,965,True,
2026-10-02T15:45:45Z,search,/search,q=1374+69&limit=5,200,64,964,True,
2026-10-02T15:46:26Z,search,/search,q=-113+54&limit=5,200,63,963,True,
2026-10-02T15:46:27Z,search,/search,q=LOT+54&limit=5,200,62,962,True,
2026-10-02T15:46:27Z,search,/search,q=-240+0702&limit=5,200,61,961,True,
2026-10-02T15:46:27Z,search,/search,q=CBB4C+0702&limit=5,200,60,960,True,
2026-10-02T15:46:27Z,search,/search,q=Gem+Pack+Vol.4+0702&limit=5,200,59,959,True,
2026-10-02T15:46:28Z,search,/search,q=-242+0103&limit=5,200,58,958,True,
2026-10-02T15:46:28Z,search,/search,q=CBB5C+0103&limit=5,200,57,957,True,
2026-10-02T15:46:28Z,search,/search,q=Gem+Pack+Vol.5+0103&limit=5,200,56,956,True,
2026-10-02T15:46:28Z,search,/search,q=-38+090&limit=5,200,55,955,True,
2026-10-02T15:46:29Z,search,/search,q=CS5.1C+090&limit=5,200,54,954,True,
2026-10-02T15:46:29Z,search,/search,q=Ancient+Roar+090&limit=5,200,53,953,True,
2026-10-02T15:46:29Z,search,/search,q=-42+080&limit=5,200,52,952,True,
2026-10-02T15:46:29Z,search,/search,q=CS6.1C+080&limit=5,200,51,951,True,
2026-10-02T15:46:30Z,search,/search,q=Wild+Force+080&limit=5,200,50,950,True,
2026-10-02T15:46:30Z,search,/search,q=1373+17&limit=5,200,49,949,True,
2026-10-02T15:46:30Z,search,/search,q=1374+67&limit=5,200,48,948,True,
2026-10-02T15:46:30Z,search,/search,q=1374+69&limit=5,200,47,947,True,
2026-10-02T15:48:41Z,search,/search,q=-240+0702&limit=5,200,46,946,True,
2026-10-02T15:48:41Z,search,/search,q=CBB4C+0702&limit=5,200,45,945,True,
2026-10-02T15:48:42Z,search,/search,q=Gem+Pack+Vol.4+0702&limit=5,200,44,944,True,
2026-10-02T15:48:42Z,search,/search,q=-242+0103&limit=5,200,43,943,True,
2026-10-02T15:48:42Z,search,/search,q=CBB5C+0103&limit=5,200,42,942,True,
2026-10-02T15:48:43Z,search,/search,q=Gem+Pack+Vol.5+0103&limit=5,200,41,941,True,
2026-10-02T15:48:43Z,search,/search,q=1384+8&limit=5,200,40,940,True,
2026-10-02T15:48:44Z,search,/search,q=1385+73&limit=5,200,39,939,True,
2026-10-02T15:48:45Z,search,/search,q=1385+84&limit=5,200,38,938,True,
2026-10-02T15:48:45Z,search,/search,q=1387+68&limit=5,200,37,937,True,
2026-10-02T15:48:46Z,search,/search,q=1389+17&limit=5,200,36,936,True,
2026-10-02T15:48:47Z,search,/search,q=1389+18&limit=5,200,35,935,True,
2026-10-02T15:48:48Z,search,/search,q=1389+20&limit=5,200,34,934,True,
2026-10-02T15:48:48Z,search,/search,q=1395+64&limit=5,200,33,933,True,
2026-10-02T15:48:49Z,search,/search,q=1396+57&limit=5,200,32,932,True,
2026-10-02T15:48:50Z,search,/search,q=N1+57&limit=5,200,31,931,True,
2026-10-02T15:48:51Z,search,/search,q=1396+65&limit=5,200,30,930,True,
2026-10-02T15:48:52Z,search,/search,q=N1+65&limit=5,200,29,929,True,
2026-10-02T15:48:52Z,search,/search,q=1396+74&limit=5,200,28,928,True,
2026-10-02T15:48:54Z,search,/search,q=N1+74&limit=5,200,27,927,True,
2026-10-02T15:48:55Z,search,/search,q=1396+8&limit=5,200,26,926,True,
2026-10-02T15:48:56Z,search,/search,q=N1+8&limit=5,200,25,925,True,
2026-10-02T15:48:57Z,search,/search,q=Neo+Genesis+8&limit=5,200,24,924,True,
2026-10-02T15:48:58Z,search,/search,q=1396+80&limit=5,200,23,923,True,
2026-10-02T15:48:59Z,search,/search,q=N1+80&limit=5,200,22,922,True,
2026-10-02T15:49:00Z,search,/search,q=1398+27&limit=5,200,21,921,True,
2026-10-02T15:49:01Z,search,/search,q=1398+54&limit=5,200,20,920,True,
2026-10-02T15:49:01Z,search,/search,q=1403+10&limit=5,200,19,919,True,
2026-10-02T15:49:02Z,search,/search,q=1409+15&limit=5,200,18,918,True,
2026-10-02T15:49:03Z,search,/search,q=1410+102&limit=5,200,17,917,True,
2026-10-02T15:49:03Z,search,/search,q=1413+126&limit=5,200,16,916,True,
2026-10-02T15:49:04Z,search,/search,q=1416+60&limit=5,200,15,915,True,
2026-10-02T15:49:05Z,search,/search,q=1417+52&limit=5,200,14,914,True,
2026-10-02T15:49:05Z,search,/search,q=1419+46&limit=5,200,13,913,True,
2026-10-02T15:49:06Z,search,/search,q=1419+78&limit=5,200,12,912,True,
2026-10-02T15:49:07Z,search,/search,q=1429+41&limit=5,200,11,911,True,
2026-10-02T15:49:07Z,search,/search,q=1430+117&limit=5,200,10,910,True,
2026-10-02T15:49:08Z,search,/search,q=1430+43&limit=5,200,9,909,True,
2026-10-02T15:49:09Z,search,/search,q=1434+32&limit=5,200,8,908,True,
2026-10-02T15:49:10Z,search,/search,q=1434+66&limit=5,200,7,907,True,
2026-10-02T15:49:10Z,search,/search,q=1441+106&limit=5,200,6,906,True,
2026-10-02T15:49:11Z,search,/search,q=1441+123&limit=5,200,5,905,True,
2026-10-02T15:50:20Z,search,/search,q=-240+0702&limit=5,200,4,904,True,
2026-10-02T15:50:34Z,search,/search,q=-240+0702&limit=5,200,3,903,True,
2026-10-02T16:05:36Z,search,/search,q=-240+0702&limit=5,200,100,902,True,
2026-10-02T16:05:38Z,search,/search,q=CBB4C+0702&limit=5,200,99,901,True,
2026-10-02T16:05:39Z,search,/search,q=Gem+Pack+Vol.4+0702&limit=5,200,98,900,True,
2026-10-02T16:05:40Z,search,/search,q=-242+0103&limit=5,200,97,899,True,
2026-10-02T16:05:41Z,search,/search,q=CBB5C+0103&limit=5,200,96,898,True,
2026-10-02T16:05:43Z,search,/search,q=Gem+Pack+Vol.5+0103&limit=5,200,95,897,True,
2026-10-02T16:05:43Z,search,/search,q=1396+8&limit=5,200,94,896,True,
2026-10-02T16:05:44Z,search,/search,q=N1+8&limit=5,200,93,895,True,
2026-10-02T16:05:46Z,search,/search,q=Neo+Genesis+8&limit=5,200,92,894,True,
2026-10-02T16:05:46Z,search,/search,q=1441+130&limit=5,200,91,893,True,
2026-10-02T16:05:47Z,search,/search,q=1441+43&limit=5,200,90,892,True,
2026-10-02T16:05:49Z,search,/search,q=G1+43&limit=5,200,89,891,True,
2026-10-02T16:05:49Z,search,/search,q=1441+69&limit=5,200,88,890,True,
2026-10-02T16:05:51Z,search,/search,q=G1+69&limit=5,200,87,889,True,
2026-10-02T16:05:51Z,search,/search,q=1444+50&limit=5,200,86,888,True,
