finn_kode,name,count,variants,line_index,query,confidence,score,pk_id,pk_name,pk_set_name,pk_card_number,price_native,price_currency,price_source,unit_market_value_nok,market_value_nok,priced
475878513,Venusaur,1,,41,Venusaur Base Set,none,,,,,,,,,,,false
475878513,Steelix,1,,43,Steelix Base Set,none,,,,,,,,,,,false
475878513,Dragonite,1,,45,Dragonite Base Set,none,,,,,,,,,,,false
475878513,Charmander,1,,47,Charmander Base Set,none,,,,,,,,,,,false
475878513,Squirtle,1,,49,Squirtle Base Set,none,,,,,,,,,,,false
475878513,Minum,1,,51,Minum Base Set,none,,,,,,,,,,,false
475878513,Bulbasaur,1,,53,Bulbasaur Base Set,none,,,,,,,,,,,false
475878513,Venusaur,1,,55,Venusaur Base Set,none,,,,,,,,,,,false
475878513,Charizard,1,,57,Charizard Base Set,none,,,,,,,,,,,false
475878513,Blastoise,1,,59,Blastoise Base Set,none,,,,,,,,,,,false
475878513,Hitmonchan,1,,61,Hitmonchan Base Set,none,,,,,,,,,,,false
475878513,Gyarados,1,,63,Gyarados Base Set,none,,,,,,,,,,,false
475878513,Vaporeon,1,,65,Vaporeon Base Set,none,,,,,,,,,,,false
475878513,Mew,1,,67,Mew Base Set,none,,,,,,,,,,,false
475878513,MewTwo,1,,69,MewTwo Base Set,none,,,,,,,,,,,false
475878513,Growlithe,1,,71,Growlithe Base Set,none,,,,,,,,,,,false
475878513,Electrode,1,,73,Electrode Base Set,none,,,,,,,,,,,false
475878513,Haunter,1,,75,Haunter Base Set,none,,,,,,,,,,,false
475878513,Gastly,1,,77,Gastly Base Set,none,,,,,,,,,,,false
475878513,Gengar,1,,79,Gengar Base Set,none,,,,,,,,,,,false
475878513,Misty,1,,81,Misty Base Set,none,,,,,,,,,,,false
475878513,Brock,1,,83,Brock Base Set,none,,,,,,,,,,,false
475878513,Cloyster,1,,85,Cloyster Base Set,none,,,,,,,,,,,false
475878513,Igglybuff,1,,87,Igglybuff Base Set,none,,,,,,,,,,,false
475878513,Cleffa,1,,89,Cleffa Base Set,none,,,,,,,,,,,false
475878513,Meowth,1,,91,Meowth Base Set,none,,,,,,,,,,,false
475878513,Marill,1,,93,Marill Base Set,none,,,,,,,,,,,false
475878513,Kabutops,1,,95,Kabutops Base Set,none,,,,,,,,,,,false
475878513,Psyduck,1,,97,Psyduck Base Set,none,,,,,,,,,,,false
475878513,Electrode,1,,99,Electrode Base Set,none,,,,,,,,,,,false
475878513,Darkness Energy,1,,101,Darkness Energy Base Set,none,,,,,,,,,,,false
475878513,Misdreavus,1,,103,Misdreavus Base Set,none,,,,,,,,,,,false
475878513,Arcanine,1,,105,Arcanine Base Set,none,,,,,,,,,,,false
475878513,Poliwrath,1,,107,Poliwrath Base Set,none,,,,,,,,,,,false
475878513,Jolteon,1,,109,Jolteon Base Set,none,,,,,,,,,,,false
475878513,Flareon,1,,111,Flareon Base Set,none,,,,,,,,,,,false
475878513,Vaporeon,1,,113,Vaporeon Base Set,none,,,,,,,,,,,false
475878513,Clefairy,1,,115,Clefairy Base Set,none,,,,,,,,,,,false
475878513,Chansey,1,,117,Chansey Base Set,none,,,,,,,,,,,false
475878513,Scyther,1,,119,Scyther Base Set,none,,,,,,,,,,,false
475878513,Lapras,1,,121,Lapras Base Set,none,,,,,,,,,,,false
475878513,Snorlax,1,,123,Snorlax Base Set,none,,,,,,,,,,,false
475878513,Clefable,1,,125,Clefable Base Set,none,,,,,,,,,,,false
475878513,Wigglytuff,1,,127,Wigglytuff Base Set,none,,,,,,,,,,,false
475878513,Politoed,1,,129,Politoed Base Set,none,,,,,,,,,,,false
475878513,Kingdra,1,,131,Kingdra Base Set,none,,,,,,,,,,,false
475878513,Ditto,1,,133,Ditto Base Set,none,,,,,,,,,,,false
475878513,Tyranitar,1,,135,Tyranitar Base Set,none,,,,,,,,,,,false
475878513,Skarmory,1,,137,Skarmory Base Set,none,,,,,,,,,,,false
475878513,Magneton,1,,139,Magneton Base Set,none,,,,,,,,,,,false
475878513,Machamp,1,,141,Machamp Base Set,none,,,,,,,,,,,false
475878513,Ninetales,1,,143,Ninetales Base Set,none,,,,,,,,,,,false
475878513,Hitmonchan,1,,145,Hitmonchan Base Set,none,,,,,,,,,,,false
475878513,Zapdos,1,,147,Zapdos Base Set,none,,,,,,,,,,,false
475878513,Articuno,1,,149,Articuno Base Set,none,,,,,,,,,,,false
475878513,Nidoking,1,,151,Nidoking Base Set,none,,,,,,,,,,,false
475878513,Magnemite,1,,153,Magnemite Base Set,none,,,,,,,,,,,false
