finn_kode,title,url,status,asking_price_nok,location,images,last_modified,intent,intent_rank,matched_sets,matched_cards,pk_card,pk_set,pk_number,market_value_nok,delta_nok,ratio,basis,cards_priced,cards_total,coverage,confidence,partial,notes,first_seen,last_seen
475878513,Stort vintage salg av Pokemon Holo/Rare/Japansk (Fastpris),https://www.finn.no/475878513,Inaktiv,100,1366 Lysaker,25,2026-09-08T18:44:00,tier1-set,1,Base Set; Gym Challenge; Gym Heroes; Neo Revelation; Neo Destiny,Gengar; Jolteon; Mew; Mewtwo,Venusaur; Shining Steelix; Dragonite; Charmander; Squirtle … (+40),45 distinct cards,,47530,-47430,475.3,card_list_sum,50,57,50/57,medium,true,card list only partially priced (50/57),,
478150501,Rocket’s Hideout 63/64 - Pokemon Neo Revelation,https://www.finn.no/478150501,Aktiv,60,7031 Trondheim,5,2026-10-08T00:10:00,tier1-set,1,Neo Revelation,Gengar,Rocket's Hideout,Neo Revelation,63/64,431,-371,7.1833,listing_best,,,,high,false,,2026-10-08T02:57:43Z,2026-10-08T02:57:43Z
477804546,Psychic Energy #101 Base Set (1999),https://www.finn.no/477804546,Aktiv,7,6514 Kristiansund N,2,2026-10-02T18:06:00,tier1-set,1,Base Set,,Psychic Energy,Base Set,101/102,7,0,1.0,listing_best,,,,high,false,,2026-10-02T16:25:30Z,2026-10-02T16:25:30Z
478210953,Rocket’s Sneak Attack 72/82 - Pokemon Team Rocket,https://www.finn.no/478210953,Aktiv,150,7031 Trondheim,2,2026-10-08T00:11:00,tier1-set,1,Team Rocket,,Rocket's Sneak Attack (72),Team Rocket,72/82,132,18,0.88,listing_best,,,,high,false,,2026-10-08T02:57:43Z,2026-10-08T02:57:43Z
477803639,Psychic Energy #101 Base Set (1999),https://www.finn.no/477803639,Aktiv,9,6514 Kristiansund N,2,2026-10-02T17:54:00,tier1-set,1,Base Set,,Psychic Energy,Base Set,101/102,7,2,0.7778,listing_best,,,,high,false,,2026-10-02T16:25:30Z,2026-10-02T16:25:30Z
477803988,Psychic Energy #101 Base Set (1999),https://www.finn.no/477803988,Aktiv,9,6514 Kristiansund N,2,2026-10-02T17:59:00,tier1-set,1,Base Set,,Psychic Energy,Base Set,101/102,7,2,0.7778,listing_best,,,,high,false,,2026-10-02T16:25:30Z,2026-10-02T16:25:30Z
477804789,Psychic Energy #101 Base Set (1999),https://www.finn.no/477804789,Aktiv,9,6514 Kristiansund N,2,2026-10-02T18:09:00,tier1-set,1,Base Set,,Psychic Energy,Base Set,101/102,7,2,0.7778,listing_best,,,,high,false,,2026-10-02T16:25:30Z,2026-10-02T16:25:30Z
477805016,Psychic Energy #101 Base Set (1999),https://www.finn.no/477805016,Aktiv,9,6514 Kristiansund N,2,2026-10-02T18:12:00,tier1-set,1,Base Set,,Psychic Energy,Base Set,101/102,7,2,0.7778,listing_best,,,,high,false,,2026-10-02T16:25:30Z,2026-10-02T16:25:30Z
477805509,Psychic Energy #101 Base Set (1999),https://www.finn.no/477805509,Aktiv,9,6514 Kristiansund N,2,2026-10-02T18:19:00,tier1-set,1,Base Set,,Psychic Energy,Base Set,101/102,7,2,0.7778,listing_best,,,,high,false,,2026-10-02T16:25:30Z,2026-10-02T16:25:30Z
477805681,Psychic Energy #101 Base Set (1999),https://www.finn.no/477805681,Aktiv,9,6514 Kristiansund N,2,2026-10-02T18:22:00,tier1-set,1,Base Set,,Psychic Energy,Base Set,101/102,7,2,0.7778,listing_best,,,,high,false,,2026-10-02T16:25:30Z,2026-10-02T16:25:30Z
477803808,Fire Energy #98 Base Set (1999),https://www.finn.no/477803808,Aktiv,7,6514 Kristiansund N,2,2026-10-02T17:56:00,tier1-set,1,Base Set,,Fire Energy,Base Set,098/102,5,2,0.7143,listing_best,,,,high,false,,2026-10-02T16:25:30Z,2026-10-02T16:25:30Z
477802264,Grass Energy #99 Base Set (1999),https://www.finn.no/477802264,Aktiv,9,6514 Kristiansund N,2,2026-10-02T17:35:00,tier1-set,1,Base Set,,Grass Energy,Base Set,099/102,5,4,0.5556,listing_best,,,,high,false,,2026-10-02T16:25:30Z,2026-10-02T16:25:30Z
477804238,Grass Energy #99 Base Set (1999),https://www.finn.no/477804238,Aktiv,9,6514 Kristiansund N,2,2026-10-02T18:04:00,tier1-set,1,Base Set,,Grass Energy,Base Set,099/102,5,4,0.5556,listing_best,,,,high,false,,2026-10-02T16:25:30Z,2026-10-02T16:25:30Z
477804672,Water Energy #102 Base Set (1999),https://www.finn.no/477804672,Aktiv,9,6514 Kristiansund N,2,2026-10-02T18:07:00,tier1-set,1,Base Set,,Water Energy,Base Set,102/102,5,4,0.5556,listing_best,,,,high,false,,2026-10-02T16:25:30Z,2026-10-02T16:25:30Z
477804896,Grass Energy #99 Base Set (1999),https://www.finn.no/477804896,Aktiv,9,6514 Kristiansund N,2,2026-10-02T18:11:00,tier1-set,1,Base Set,,Grass Energy,Base Set,099/102,5,4,0.5556,listing_best,,,,high,false,,2026-10-02T16:25:30Z,2026-10-02T16:25:30Z
477805405,Water Energy #102 Base Set (1999),https://www.finn.no/477805405,Aktiv,9,6514 Kristiansund N,2,2026-10-02T18:18:00,tier1-set,1,Base Set,,Water Energy,Base Set,102/102,5,4,0.5556,listing_best,,,,high,false,,2026-10-02T16:25:30Z,2026-10-02T16:25:30Z
477805583,Grass Energy #99 Base Set (1999),https://www.finn.no/477805583,Aktiv,9,6514 Kristiansund N,2,2026-10-02T18:20:00,tier1-set,1,Base Set,,Grass Energy,Base Set,099/102,5,4,0.5556,listing_best,,,,high,false,,2026-10-02T16:25:30Z,2026-10-02T16:25:30Z
477804627,One Piece OP- 17 og OP- 14 Bulk,https://www.finn.no/477804627,Aktiv,25,0356 Oslo,2,2026-10-08T00:41:00,tier1-set,1,Base Set; Neo Genesis; Base Set (1st Edition / Shadowless); Evolving Skies; Expedition Base Set,Pikachu; Rayquaza; Umbreon,,,,,,,none,,,,none,false,,2026-10-02T16:25:30Z,2026-10-02T16:25:30Z
478214934,"Pokémon-kortsamling charizard,blastoise,venusaur ++",https://www.finn.no/478214934,Aktiv,10000,1659 Torp,45,2026-10-08T01:32:00,tier1-set,1,Base Set; Base Set 2; Fossil; Jungle; Team Rocket,,,,,,,,none,,,,none,false,,2026-10-08T02:57:43Z,2026-10-08T02:57:43Z
478215069,Pokemon Zapdos ex Team Rocket Returns,https://www.finn.no/478215069,Aktiv,1250,5713 Vossestrand,3,2026-10-08T01:30:00,tier1-set,1,Team Rocket; EX Team Rocket Returns,,,,,,,,none,,,,medium,false,,2026-10-08T02:57:43Z,2026-10-08T02:57:43Z
478215770,Pikachu 58/102 – Base Set Unlimited – engelsk Pokémonkort,https://www.finn.no/478215770,Aktiv,50,5171 Loddefjord,4,2026-10-08T04:14:00,tier1-set,1,Base Set,Pikachu,,,,,,,none,,,,none,false,,2026-10-08T02:57:43Z,2026-10-08T02:57:43Z
478215795,Pikachu 58/102 – Base Set 1999–2000 (4th print) – engelsk Pokémonkort,https://www.finn.no/478215795,Aktiv,250,5171 Loddefjord,4,2026-10-08T04:20:00,tier1-set,1,Base Set,Pikachu,,,,,,,none,,,,none,false,,2026-10-08T02:57:43Z,2026-10-08T02:57:43Z
478215813,Pikachu 60/64 – Jungle Unlimited – engelsk Pokémonkort,https://www.finn.no/478215813,Aktiv,150,5171 Loddefjord,4,2026-10-08T04:28:00,tier1-set,1,Jungle,Pikachu,,,,,,,none,,,,none,false,,2026-10-08T02:57:43Z,2026-10-08T02:57:43Z
478215831,Pikachu 87/130 – Base Set 2 Unlimited – engelsk Pokémonkort,https://www.finn.no/478215831,Aktiv,69,5171 Loddefjord,4,2026-10-08T04:36:00,tier1-set,1,Base Set; Base Set 2,Pikachu,,,,,,,none,,,,none,false,,2026-10-08T02:57:43Z,2026-10-08T02:57:43Z
478213814,Pikachu 05/30 - Pokemon 30th Celebration,https://www.finn.no/478213814,Aktiv,20,7031 Trondheim,2,2026-10-08T00:21:00,named-card,2,,Pikachu,Ash's Pikachu-GX (Ash vs Team Rocket Deck Kit),Ash vs Team Rocket Deck Kit (JP Exclusive),005/026,1284,-1264,64.2,listing_best,,,,low,false,number mismatch: ad vs card 005/026,2026-10-08T02:57:43Z,2026-10-08T02:57:43Z
478213842,Pikachu 05/30 - Pokemon 30th Celebration,https://www.finn.no/478213842,Aktiv,20,7031 Trondheim,2,2026-10-08T00:22:00,named-card,2,,Pikachu,Ash's Pikachu-GX (Ash vs Team Rocket Deck Kit),Ash vs Team Rocket Deck Kit (JP Exclusive),005/026,1284,-1264,64.2,listing_best,,,,low,false,number mismatch: ad vs card 005/026,2026-10-08T02:57:43Z,2026-10-08T02:57:43Z
478213128,Pikachu 28/73 - Pokemon Shining Legends,https://www.finn.no/478213128,Aktiv,50,7031 Trondheim,2,2026-10-08T00:15:00,named-card,2,,Pikachu,Pikachu - 28/73 (Cracked Ice Holo),Deck Exclusives,028/073,138,-88,2.76,listing_best,,,,high,false,,2026-10-08T02:57:43Z,2026-10-08T02:57:43Z
478007398,Pikachu 60/106 - Pokemon Emerald,https://www.finn.no/478007398,Aktiv,100,7031 Trondheim,4,2026-10-08T00:15:00,named-card,2,,Pikachu,Pikachu,Emerald,60/106,175,-75,1.75,listing_best,,,,high,false,,2026-10-08T02:57:43Z,2026-10-08T02:57:43Z
477804526,Pokémon: Mew #111 – Holon Phantoms,https://www.finn.no/477804526,Aktiv,3800,1776 Halden,3,2026-10-02T18:09:00,named-card,2,EX Holon Phantoms,Mew,Mew ex,1 distinct cards,,5621,-1821,1.4792,card_list_sum,1,2,1/2,medium,true,card list only partially priced (1/2),2026-10-02T16:25:30Z,2026-10-02T16:25:30Z
478213687,Pikachu 21/30 - Pokemon 30th Celebration,https://www.finn.no/478213687,Aktiv,20,7031 Trondheim,2,2026-10-08T00:18:00,named-card,2,,Pikachu,Pikachu - 021/103,30th Celebration - Japanese,021/103,16,4,0.8,listing_best,,,,low,false,number mismatch: ad vs card 021/103,2026-10-08T02:57:43Z,2026-10-08T02:57:43Z
478213717,Pikachu 21/30 - Pokemon 30th Celebration,https://www.finn.no/478213717,Aktiv,20,7031 Trondheim,2,2026-10-08T00:18:00,named-card,2,,Pikachu,Pikachu - 021/103,30th Celebration - Japanese,021/103,16,4,0.8,listing_best,,,,low,false,number mismatch: ad vs card 021/103,2026-10-08T02:57:43Z,2026-10-08T02:57:43Z
477804183,Umbreon ex 92/128,https://www.finn.no/477804183,Solgt,20,1617 Fredrikstad,2,2026-10-05T12:17:00,named-card,2,,Pikachu; Umbreon,Umbreon ex,30th Celebration,092/128,12,8,0.6,listing_best,,,,high,false,,2026-10-02T16:25:30Z,2026-10-02T16:25:30Z
477804668,Pokémon Mew ex 066/128 30th Celebration,https://www.finn.no/477804668,Aktiv,65,5101 Eidsvågneset,1,2026-10-07T21:09:00,named-card,2,,Mew,Mew ex - 066/128,30th Celebration,066/128,28,37,0.4308,listing_best,,,,high,false,,2026-10-02T16:25:30Z,2026-10-02T16:25:30Z
477805530,Pikachu 026/128,https://www.finn.no/477805530,Solgt,29,5101 Eidsvågneset,1,2026-10-03T10:38:00,named-card,2,,Pikachu,Pikachu - 026/128,30th Celebration,026/128,9,20,0.3103,listing_best,,,,high,false,,2026-10-02T16:25:30Z,2026-10-02T16:25:30Z
478213443,Pikachu 24/30 - Pokemon 30th Celebration,https://www.finn.no/478213443,Aktiv,20,7031 Trondheim,2,2026-10-08T00:16:00,named-card,2,,Pikachu,Pikachu - 024/128,30th Celebration,024/128,6,14,0.3,listing_best,,,,low,false,number mismatch: ad vs card 024/128,2026-10-08T02:57:43Z,2026-10-08T02:57:43Z
478213631,Pikachu 24/30 - Pokemon 30th Celebration,https://www.finn.no/478213631,Aktiv,20,7031 Trondheim,2,2026-10-08T00:17:00,named-card,2,,Pikachu,Pikachu - 024/128,30th Celebration,024/128,6,14,0.3,listing_best,,,,low,false,number mismatch: ad vs card 024/128,2026-10-08T02:57:43Z,2026-10-08T02:57:43Z
478213654,Pikachu 24/30 - Pokemon 30th Celebration,https://www.finn.no/478213654,Aktiv,20,7031 Trondheim,2,2026-10-08T00:17:00,named-card,2,,Pikachu,Pikachu - 024/128,30th Celebration,024/128,6,14,0.3,listing_best,,,,low,false,number mismatch: ad vs card 024/128,2026-10-08T02:57:43Z,2026-10-08T02:57:43Z
478150865,Mightyena reverse holo 66/146 - Pokemon Legends Awakened,https://www.finn.no/478150865,Aktiv,150,7031 Trondheim,3,2026-10-08T00:11:00,named-card,2,,Mightyena,Mightyena,Legends Awakened,66/146,19,131,0.1267,listing_best,,,,high,false,,2026-10-08T02:57:43Z,2026-10-08T02:57:43Z
477798898,Pokemon Gold Star Entei BGS 8.5,https://www.finn.no/477798898,Solgt,40000,0650 Oslo,2,2026-10-02T23:25:00,named-card,2,,Gengar; Lugia; Mew; Mewtwo; Pikachu,,,,,,,none,,,,none,false,,2026-10-02T16:25:30Z,2026-10-02T16:25:30Z
477804089,Pokemon 30th kort,https://www.finn.no/477804089,Aktiv,5,1184 Oslo,13,2026-10-05T18:04:00,named-card,2,,Mew; Pikachu,,,,,,,none,0,1,0/1,none,true,card list only partially priced (0/1),2026-10-02T16:25:30Z,2026-10-02T16:25:30Z
477804824,Pokemonkort fra mange sett,https://www.finn.no/477804824,Aktiv,50,2080 Eidsvoll,33,2026-10-02T18:17:00,named-card,2,,Lugia,,,,,,,none,,,,none,false,,2026-10-02T16:25:30Z,2026-10-02T16:25:30Z
477805064,"Pokemon kort, 30th celebration",https://www.finn.no/477805064,Solgt,150,1659 Torp,1,2026-10-02T18:13:00,named-card,2,,Umbreon,,,,,,,none,0,1,0/1,none,true,card list only partially priced (0/1),2026-10-02T16:25:30Z,2026-10-02T16:25:30Z
477805283,Pokémon Pikachu 023/128 30th Celebration,https://www.finn.no/477805283,Solgt,20,5101 Eidsvågneset,1,2026-10-07T21:13:00,named-card,2,,Pikachu,Pikachu - 023/ADV-P,ADV-P Promotional Cards,023/ADV-P,,,,none,,,,high,false,,2026-10-02T16:25:30Z,2026-10-02T16:25:30Z
477805406,Pikachu 024/128,https://www.finn.no/477805406,Solgt,20,5101 Eidsvågneset,1,2026-10-02T18:17:00,named-card,2,,Pikachu,,,,,,,none,,,,low,false,,2026-10-02T16:25:30Z,2026-10-02T16:25:30Z
478080699,Gengar holo 5/92 - Pokemon EX Legend Maker,https://www.finn.no/478080699,Aktiv,750,7031 Trondheim,6,2026-10-08T00:14:00,named-card,2,,Gengar,,,,,,,none,,,,low,false,,2026-10-08T02:57:43Z,2026-10-08T02:57:43Z
478212514,Pokemon kort,https://www.finn.no/478212514,Aktiv,750,5713 Vossestrand,2,2026-10-08T01:13:00,named-card,2,,Alakazam; Umbreon,,,,,,,none,,,,none,false,,2026-10-08T02:57:43Z,2026-10-08T02:57:43Z
478213744,Pikachu 19/30 - Pokemon 30th Celebration,https://www.finn.no/478213744,Aktiv,20,7031 Trondheim,2,2026-10-08T00:19:00,named-card,2,,Pikachu,,,,,,,none,,,,none,false,,2026-10-08T02:57:43Z,2026-10-08T02:57:43Z
478213768,Pikachu 17/30 - Pokemon 30th Celebration,https://www.finn.no/478213768,Aktiv,20,7031 Trondheim,2,2026-10-08T00:19:00,named-card,2,,Pikachu,,,,,,,none,,,,low,false,,2026-10-08T02:57:43Z,2026-10-08T02:57:43Z
478213794,Pikachu 12/30 - Pokemon 30th Celebration,https://www.finn.no/478213794,Aktiv,20,7031 Trondheim,2,2026-10-08T00:20:00,named-card,2,,Pikachu,,,,,,,none,,,,low,false,,2026-10-08T02:57:43Z,2026-10-08T02:57:43Z
478215231,Pokemon mega gengar,https://www.finn.no/478215231,Aktiv,7900,5713 Vossestrand,2,2026-10-08T01:33:00,named-card,2,,Gengar,,,,,,,none,,,,low,false,,2026-10-08T02:57:43Z,2026-10-08T02:57:43Z
478215247,Pokemon Pikachu ex,https://www.finn.no/478215247,Aktiv,7800,5713 Vossestrand,2,2026-10-08T01:35:00,named-card,2,,Pikachu,,,,,,,none,,,,low,false,,2026-10-08T02:57:43Z,2026-10-08T02:57:43Z
478215308,🃏 Mew ex 158/128 – Pokémon 30th Celebration,https://www.finn.no/478215308,Aktiv,529,5210 Os,4,2026-10-08T01:46:00,named-card,2,,Mew; Pikachu,,,,,,,none,,,,none,false,,2026-10-08T02:57:43Z,2026-10-08T02:57:43Z
478215833,Pokémon Eevee Heroes Japansk Booster Pack – Uåpnet / Sealed,https://www.finn.no/478215833,Aktiv,799,5183 Olsvik,1,2026-10-08T04:34:00,named-card,2,Evolving Skies,Jolteon; Umbreon,,,,,,,none,,,,none,false,,2026-10-08T02:57:43Z,2026-10-08T02:57:43Z
478009627,Primeape 50/110 - Pokemon Holon Phantoms,https://www.finn.no/478009627,Aktiv,25,7031 Trondheim,2,2026-10-08T00:03:00,tier2-set,3,EX Holon Phantoms,,Primeape (Delta Species),Holon Phantoms,50/110,36,-11,1.44,listing_best,,,,high,false,,2026-10-08T02:57:43Z,2026-10-08T02:57:43Z
478009852,Oddish 73/110 - Pokemon Holon Phantoms,https://www.finn.no/478009852,Aktiv,15,7031 Trondheim,2,2026-10-08T00:02:00,tier2-set,3,EX Holon Phantoms,,Oddish (Delta Species),Holon Phantoms,73/110,17,-2,1.1333,listing_best,,,,high,false,,2026-10-08T02:57:43Z,2026-10-08T02:57:43Z
477804216,Pokémon: Poliwrath #H24 – Skyridge,https://www.finn.no/477804216,Aktiv,5400,1776 Halden,3,2026-10-03T05:11:00,tier2-set,3,Skyridge,,Poliwrath (H24),1 distinct cards,,5360,40,0.9926,card_list_sum,1,2,1/2,medium,true,card list only partially priced (1/2),2026-10-02T16:25:30Z,2026-10-02T16:25:30Z
478083510,Piloswine 43/144 - Pokemon Skyridge,https://www.finn.no/478083510,Aktiv,100,7031 Trondheim,2,2026-10-08T00:10:00,tier2-set,3,Skyridge,,Piloswine,,43,,,,none,,,,high,false,,2026-10-08T02:57:43Z,2026-10-08T02:57:43Z
477802097,Genesect EX 11/101,https://www.finn.no/477802097,Solgt,70,5101 Eidsvågneset,1,2026-10-02T17:32:00,none,0,,,Genesect EX (Team Plasma),30th Celebration - Classic Collection,11/101,68,2,0.9714,listing_best,,,,high,false,,2026-10-02T16:25:30Z,2026-10-02T16:25:30Z
477802337,Kingdra Prime 85/95  2010 – Pokemon,https://www.finn.no/477802337,Aktiv,850,0358 Oslo,3,2026-10-03T14:48:00,none,0,,,Kingdra (Prime),Unleashed,85/95,671,179,0.7894,listing_best,,,,high,false,,2026-10-02T16:25:30Z,2026-10-02T16:25:30Z
477801872,Crobat G 47/127,https://www.finn.no/477801872,Solgt,70,5101 Eidsvågneset,1,2026-10-02T18:03:00,none,0,,,Crobat G,30th Celebration - Classic Collection,47/127,55,15,0.7857,listing_best,,,,high,false,,2026-10-02T16:25:30Z,2026-10-02T16:25:30Z
477801723,Pokémon Morpeko 135/128 30th Celebration,https://www.finn.no/477801723,Aktiv,85,5101 Eidsvågneset,1,2026-10-07T21:09:00,none,0,,,Morpeko - 135/128,30th Celebration,135/128,59,26,0.6941,listing_best,,,,high,false,,2026-10-02T16:25:30Z,2026-10-02T16:25:30Z
477804019,Lycanroc 138/128,https://www.finn.no/477804019,Aktiv,45,1617 Fredrikstad,2,2026-10-05T12:17:00,none,0,,,Lycanroc - 138/128,30th Celebration,138/128,22,23,0.4889,listing_best,,,,high,false,,2026-10-02T16:25:30Z,2026-10-02T16:25:30Z
477804502,Greninja ex 21/128,https://www.finn.no/477804502,Aktiv,20,1617 Fredrikstad,2,2026-10-02T18:07:00,none,0,,,Greninja ex - 021/128,30th Celebration,021/128,5,15,0.25,listing_best,,,,high,false,,2026-10-02T16:25:30Z,2026-10-02T16:25:30Z
477801982,Uxie 43/146,https://www.finn.no/477801982,Solgt,229,5101 Eidsvågneset,1,2026-10-02T17:49:00,none,0,,,Uxie,30th Celebration - Classic Collection,43/146,54,175,0.2358,listing_best,,,,high,false,,2026-10-02T16:25:30Z,2026-10-02T16:25:30Z
458560266,Pokémon GX/EX samlekort japansk holografisk lot,https://www.finn.no/458560266,Aktiv,150,1666 Rolvsøy,5,2026-05-19T21:22:00,none,0,,,,,,,,,none,,,,none,false,,2026-10-02T16:25:30Z,2026-10-02T16:25:30Z
458643794,Pokémon Kingdra EX samlekort,https://www.finn.no/458643794,Aktiv,,1410 Kolbotn,5,2026-10-02T17:48:00,none,0,,,,,,,,,none,,,,none,false,no asking price on the ad,2026-10-02T16:25:30Z,2026-10-02T16:25:30Z
477802073,Pokémon 30th Anniversary Poster Collection,https://www.finn.no/477802073,Aktiv,600,4885 Grimstad,1,2026-10-02T17:38:00,none,0,,,,,,,,,none,,,,none,false,,2026-10-02T16:25:30Z,2026-10-02T16:25:30Z
477802777,404,https://www.finn.no/477802777,Aktiv,,,0,,none,0,,,,,,,,,none,,,,none,false,no asking price on the ad,2026-10-02T16:25:30Z,2026-10-02T16:25:30Z
477803030,Pokémon 30th Celebration Booster Bundle,https://www.finn.no/477803030,Solgt,999,4885 Grimstad,1,2026-10-02T17:51:00,none,0,,,,,,,,,none,,,,low,false,,2026-10-02T16:25:30Z,2026-10-02T16:25:30Z
477803325,404,https://www.finn.no/477803325,Aktiv,,,0,,none,0,,,,,,,,,none,,,,none,false,no asking price on the ad,2026-10-02T16:25:30Z,2026-10-02T16:25:30Z
477803455,404,https://www.finn.no/477803455,Aktiv,,,0,,none,0,,,,,,,,,none,,,,none,false,no asking price on the ad,2026-10-02T16:25:30Z,2026-10-02T16:25:30Z
477804022,Pokemon kort samling EX GX V holo,https://www.finn.no/477804022,Aktiv,,5258 Blomsterdalen,5,2026-10-02T18:00:00,none,0,,,,,,,,,none,,,,none,false,no asking price on the ad,2026-10-02T16:25:30Z,2026-10-02T16:25:30Z
477804499,Stor Pokémon-kortsamling + Pokémon bokser | Selges samlet,https://www.finn.no/477804499,Solgt,600,1470 Lørenskog,8,2026-10-06T09:47:00,none,0,,,,,,,,,none,,,,none,false,,2026-10-02T16:25:30Z,2026-10-02T16:25:30Z
477804773,Sylveon ex 071/128,https://www.finn.no/477804773,Inaktiv,,5101 Eidsvågneset,1,2026-10-02T18:08:00,none,0,,,Sylveon ex - 071/128,30th Celebration,071/128,10,,,listing_best,,,,high,false,no asking price on the ad,2026-10-02T16:25:30Z,2026-10-02T16:25:30Z
477804796,Pokémon Mega Charizard EX 125 – Veldig god stand,https://www.finn.no/477804796,Aktiv,7500,1634 Gamle Fredrikstad,10,2026-10-05T15:48:00,none,0,,,,,,,,,none,,,,none,false,,2026-10-02T16:25:30Z,2026-10-02T16:25:30Z
477804844,404,https://www.finn.no/477804844,Aktiv,,,0,,none,0,,,,,,,,,none,,,,none,false,no asking price on the ad,2026-10-02T16:25:30Z,2026-10-02T16:25:30Z
477804899,Pokémon Moltres 096 Mega Evolution Promo,https://www.finn.no/477804899,Aktiv,10,5101 Eidsvågneset,1,2026-10-07T21:10:00,none,0,,,,,,,,,none,,,,none,false,,2026-10-02T16:25:30Z,2026-10-02T16:25:30Z
477805043,Pokémon Articuno 097 Mega Evolution Promo,https://www.finn.no/477805043,Aktiv,30,5101 Eidsvågneset,1,2026-10-07T21:11:00,none,0,,,,,,,,,none,,,,none,false,,2026-10-02T16:25:30Z,2026-10-02T16:25:30Z
477805137,Gwynn 109/084 Ultra Rare Selges,https://www.finn.no/477805137,Aktiv,100,4365 Nærbø,2,2026-10-02T18:15:00,none,0,,,,,,,,,none,,,,none,false,,2026-10-02T16:25:30Z,2026-10-02T16:25:30Z
477805162,Slowpoke #018,https://www.finn.no/477805162,Aktiv,10,6411 Molde,1,2026-10-02T18:14:00,none,0,,,,,,,,,none,,,,none,false,,2026-10-02T16:25:30Z,2026-10-02T16:25:30Z
477805178,Pokémon Zapdos 098 Mega Evolution Promo,https://www.finn.no/477805178,Aktiv,30,5101 Eidsvågneset,1,2026-10-07T21:12:00,none,0,,,,,,,,,none,,,,none,false,,2026-10-02T16:25:30Z,2026-10-02T16:25:30Z
477805241,Slowking #019,https://www.finn.no/477805241,Aktiv,10,6411 Molde,1,2026-10-02T18:15:00,none,0,,,,,,,,,none,,,,none,false,,2026-10-02T16:25:30Z,2026-10-02T16:25:30Z
477805417,404,https://www.finn.no/477805417,Aktiv,,,0,,none,0,,,,,,,,,none,,,,none,false,no asking price on the ad,2026-10-02T16:25:30Z,2026-10-02T16:25:30Z
477805771,Bronzor (Poke Ball Pattern) #066,https://www.finn.no/477805771,Aktiv,10,6411 Molde,1,2026-10-02T18:23:00,none,0,,,,,,,,,none,,,,none,false,,2026-10-02T16:25:30Z,2026-10-02T16:25:30Z
478079094,Mega Houndoom EX 22/162 - Pokemon XY Breakthrough,https://www.finn.no/478079094,Aktiv,175,7031 Trondheim,4,2026-10-08T00:13:00,none,0,,,,,,,,,none,,,,none,false,,2026-10-08T02:57:43Z,2026-10-08T02:57:43Z
478081618,Leafeon holo 24/100 - Pokemon Majestic Dawn,https://www.finn.no/478081618,Aktiv,100,7031 Trondheim,4,2026-10-08T00:12:00,none,0,,,,,,,,,none,,,,none,false,,2026-10-08T02:57:43Z,2026-10-08T02:57:43Z
478082429,Honchkrow LV.X 132/132 - Pokemon Secret Wonders,https://www.finn.no/478082429,Aktiv,250,7031 Trondheim,9,2026-10-08T00:08:00,none,0,,,,,,,,,none,,,,none,false,,2026-10-08T02:57:43Z,2026-10-08T02:57:43Z
478083065,Moonlight Stadium reverse holo 100/106 - Pokemon Great Encounters,https://www.finn.no/478083065,Aktiv,500,7031 Trondheim,3,2026-10-08T00:05:00,none,0,,,,,,,,,none,,,,none,false,,2026-10-08T02:57:43Z,2026-10-08T02:57:43Z
478141623,Flareon 60/111 - Pokemon Rising Rivals,https://www.finn.no/478141623,Aktiv,30,7031 Trondheim,2,2026-10-08T00:04:00,none,0,,,Flareon E4 - 60/111 (Cracked Ice),Miscellaneous Cards & Products,060/111,1228,,,listing_best,,,,high,false,no asking price on the ad,2026-10-08T02:57:43Z,2026-10-08T02:57:43Z
478142426,Luxury Ball 86/100 - Pokemon Stromfront,https://www.finn.no/478142426,Aktiv,15,7031 Trondheim,5,2026-10-08T00:01:00,none,0,,,,,,,,,none,,,,none,false,,2026-10-08T02:57:43Z,2026-10-08T02:57:43Z
478142967,Energy Search reverse holo 94/115 - Pokemon EX Unseen Forces,https://www.finn.no/478142967,Aktiv,20,7031 Trondheim,7,2026-10-08T00:04:00,none,0,,,,,,,,,none,,,,none,false,,2026-10-08T02:57:43Z,2026-10-08T02:57:43Z
478143203,Morpeko EX 55/84 - Pokemon Pitch Black,https://www.finn.no/478143203,Aktiv,15,7031 Trondheim,2,2026-10-08T00:06:00,none,0,,,,,,,,,none,,,,none,false,,2026-10-08T02:57:43Z,2026-10-08T02:57:43Z
478143297,Mega Slowbro EX 31/84 - Pokemon Pitch Black,https://www.finn.no/478143297,Aktiv,15,7031 Trondheim,2,2026-10-08T00:06:00,none,0,,,,,,,,,none,,,,none,false,,2026-10-08T02:57:43Z,2026-10-08T02:57:43Z
478143420,Cobalion EX 64/86 - Pokemon Chaos Rising,https://www.finn.no/478143420,Aktiv,20,7031 Trondheim,2,2026-10-08T00:07:00,none,0,,,,,,,,,none,,,,none,false,,2026-10-08T02:57:43Z,2026-10-08T02:57:43Z
478181948,Jumpluff #006 - HeartGold SoulSilver - Holofoil - NM,https://www.finn.no/478181948,Aktiv,70,9104 Kvaløya,2,2026-10-08T00:36:00,none,0,,,,,,,,,none,,,,none,false,,2026-10-08T02:57:43Z,2026-10-08T02:57:43Z
478181991,"Azumarill #002 - HeartGold SoulSilver 
Reverse Holofoil - NM
MP",https://www.finn.no/478181991,Aktiv,70,9104 Kvaløya,2,2026-10-08T00:41:00,none,0,,,,,,,,,none,,,,none,false,,2026-10-08T02:57:43Z,2026-10-08T02:57:43Z
478208956,Moltres & Zapdos & Articuno GX - Pokemon SM210 promo,https://www.finn.no/478208956,Aktiv,1800,7031 Trondheim,3,2026-10-08T00:14:00,none,0,,,,,,,,,none,,,,none,false,,2026-10-08T02:57:43Z,2026-10-08T02:57:43Z
478211336,Cyndaquil 18/162 - Pokemon BREAKthrough,https://www.finn.no/478211336,Aktiv,30,7031 Trondheim,2,2026-10-08T00:09:00,none,0,,,,,,,,,none,,,,none,false,,2026-10-08T02:57:43Z,2026-10-08T02:57:43Z
478211897,Vaporeon EX 23/131 - Pokemon Prismatic Evolutions,https://www.finn.no/478211897,Aktiv,75,7031 Trondheim,3,2026-10-08T00:12:00,none,0,,,,,,,,,none,,,,none,false,,2026-10-08T02:57:43Z,2026-10-08T02:57:43Z
478214061,Pokemon kort Rhyhorn og Rhydon samling - 9 kort!,https://www.finn.no/478214061,Aktiv,100,5223 Nesttun,2,2026-10-08T00:01:00,none,0,,,,,,,,,none,,,,none,false,,2026-10-08T02:57:43Z,2026-10-08T02:57:43Z
478214084,Pokémon Charizard VMAX kort,https://www.finn.no/478214084,Aktiv,400,2016 Frogner,2,2026-10-08T00:02:00,none,0,,,,,,,,,none,,,,none,false,,2026-10-08T02:57:43Z,2026-10-08T02:57:43Z
478214102,Pokemon kort,https://www.finn.no/478214102,Aktiv,100,4332 Figgjo,9,2026-10-08T00:08:00,none,0,,,,,,,,,none,,,,none,false,,2026-10-08T02:57:43Z,2026-10-08T02:57:43Z
478214124,Pokémon kort Venusaur EX holo,https://www.finn.no/478214124,Aktiv,1936,2016 Frogner,6,2026-10-08T00:05:00,none,0,,,,,,,,,none,,,,none,false,,2026-10-08T02:57:43Z,2026-10-08T02:57:43Z
478215027,Pokemon kort Registeel Gold Star psa 1,https://www.finn.no/478215027,Aktiv,13500,5713 Vossestrand,3,2026-10-08T01:24:00,none,0,,,,,,,,,none,,,,none,false,,2026-10-08T02:57:43Z,2026-10-08T02:57:43Z
478215274,Vaporeon ex 149/131 - Prismatic Evolutions,https://www.finn.no/478215274,Aktiv,2200,2312 Ottestad,6,2026-10-08T01:52:00,none,0,,,,,,,,,none,,,,none,false,,2026-10-08T02:57:43Z,2026-10-08T02:57:43Z
478215782,Pokemon samlekort i binder,https://www.finn.no/478215782,Aktiv,2000,4330 Ålgård,11,2026-10-08T04:15:00,none,0,,,,,,,,,none,,,,none,false,,2026-10-08T02:57:43Z,2026-10-08T02:57:43Z
478215811,Pokémon Chilling Reign Booster Pack – Galarian Articuno – Uåpnet,https://www.finn.no/478215811,Aktiv,140,5183 Olsvik,1,2026-10-08T04:24:00,none,0,,,,,,,,,none,,,,none,false,,2026-10-08T02:57:43Z,2026-10-08T02:57:43Z
