FINN-kode,Title,Price (NOK),Matched card,Market price,Delta,Ratio,Status,First seen,Last seen,Confidence
475878513,Stort vintage salg av Pokemon Holo/Rare/Japansk (Fastpris),100,Venusaur; Shining Steelix; Dragonite; Charmander; Squirtle … (+40) (45 distinct cards),47522,-47422,475.22,Inaktiv,,,medium
477802264,Grass Energy #99 Base Set (1999),,Grass Energy (Base Set),5,,,Aktiv,2026-10-02T16:25:30Z,2026-10-02T16:25:30Z,high
477803639,Psychic Energy #101 Base Set (1999),,Psychic Energy (Base Set),7,,,Aktiv,2026-10-02T16:25:30Z,2026-10-02T16:25:30Z,high
477803808,Fire Energy #98 Base Set (1999),,Fire Energy (Base Set),5,,,Aktiv,2026-10-02T16:25:30Z,2026-10-02T16:25:30Z,high
477803988,Psychic Energy #101 Base Set (1999),,Psychic Energy (Base Set),7,,,Aktiv,2026-10-02T16:25:30Z,2026-10-02T16:25:30Z,high
477804238,Grass Energy #99 Base Set (1999),,Grass Energy (Base Set),5,,,Aktiv,2026-10-02T16:25:30Z,2026-10-02T16:25:30Z,high
477804546,Psychic Energy #101 Base Set (1999),,Psychic Energy (Base Set),7,,,Aktiv,2026-10-02T16:25:30Z,2026-10-02T16:25:30Z,high
477804627,One Piece OP- 17 og OP- 14 Bulk,,,,,,Aktiv,2026-10-02T16:25:30Z,2026-10-02T16:25:30Z,none
477804672,Water Energy #102 Base Set (1999),,Water Energy (Base Set),5,,,Aktiv,2026-10-02T16:25:30Z,2026-10-02T16:25:30Z,high
477804789,Psychic Energy #101 Base Set (1999),,Psychic Energy (Base Set),7,,,Aktiv,2026-10-02T16:25:30Z,2026-10-02T16:25:30Z,high
477804896,Grass Energy #99 Base Set (1999),,Grass Energy (Base Set),5,,,Aktiv,2026-10-02T16:25:30Z,2026-10-02T16:25:30Z,high
477805016,Psychic Energy #101 Base Set (1999),,Psychic Energy (Base Set),7,,,Aktiv,2026-10-02T16:25:30Z,2026-10-02T16:25:30Z,high
477805405,Water Energy #102 Base Set (1999),,Water Energy (Base Set),5,,,Aktiv,2026-10-02T16:25:30Z,2026-10-02T16:25:30Z,high
477805509,Psychic Energy #101 Base Set (1999),,Psychic Energy (Base Set),7,,,Aktiv,2026-10-02T16:25:30Z,2026-10-02T16:25:30Z,high
477805583,Grass Energy #99 Base Set (1999),,Grass Energy (Base Set),5,,,Aktiv,2026-10-02T16:25:30Z,2026-10-02T16:25:30Z,high
477805681,Psychic Energy #101 Base Set (1999),,Psychic Energy (Base Set),7,,,Aktiv,2026-10-02T16:25:30Z,2026-10-02T16:25:30Z,high
478150501,Rocket’s Hideout 63/64 - Pokemon Neo Revelation,,Rocket's Hideout (Neo Revelation),431,,,Aktiv,2026-10-08T02:57:43Z,2026-10-08T02:57:43Z,high
478210953,Rocket’s Sneak Attack 72/82 - Pokemon Team Rocket,,Rocket's Sneak Attack (72) (Team Rocket),132,,,Aktiv,2026-10-08T02:57:43Z,2026-10-08T02:57:43Z,high
478214934,"Pokémon-kortsamling charizard,blastoise,venusaur ++",,,,,,Aktiv,2026-10-08T02:57:43Z,2026-10-08T02:57:43Z,none
478215069,Pokemon Zapdos ex Team Rocket Returns,1250,,,,,Aktiv,2026-10-08T02:57:43Z,2026-10-08T02:57:43Z,medium
478215770,Pikachu 58/102 – Base Set Unlimited – engelsk Pokémonkort,,,,,,Aktiv,2026-10-08T02:57:43Z,2026-10-08T02:57:43Z,none
478215795,Pikachu 58/102 – Base Set 1999–2000 (4th print) – engelsk Pokémonkort,,,,,,Aktiv,2026-10-08T02:57:43Z,2026-10-08T02:57:43Z,none
478215813,Pikachu 60/64 – Jungle Unlimited – engelsk Pokémonkort,,,,,,Aktiv,2026-10-08T02:57:43Z,2026-10-08T02:57:43Z,none
478215831,Pikachu 87/130 – Base Set 2 Unlimited – engelsk Pokémonkort,,,,,,Aktiv,2026-10-08T02:57:43Z,2026-10-08T02:57:43Z,none
477804183,Umbreon ex 92/128,20,Umbreon ex (30th Celebration),12,8,0.6,Solgt,2026-10-02T16:25:30Z,2026-10-02T16:25:30Z,high
477805530,Pikachu 026/128,29,Pikachu - 026/128 (30th Celebration),9,20,0.3103,Solgt,2026-10-02T16:25:30Z,2026-10-02T16:25:30Z,high
477798898,Pokemon Gold Star Entei BGS 8.5,40000,,,,,Solgt,2026-10-02T16:25:30Z,2026-10-02T16:25:30Z,none
477804089,Pokemon 30th kort,,,,,,Aktiv,2026-10-02T16:25:30Z,2026-10-02T16:25:30Z,none
477804526,Pokémon: Mew #111 – Holon Phantoms,,Mew ex (1 distinct cards),5621,,,Aktiv,2026-10-02T16:25:30Z,2026-10-02T16:25:30Z,medium
477804668,Pokémon Mew ex 066/128 30th Celebration,,Mew ex - 066/128 (30th Celebration),28,,,Aktiv,2026-10-02T16:25:30Z,2026-10-02T16:25:30Z,high
477804824,Pokemonkort fra mange sett,50,,,,,Aktiv,2026-10-02T16:25:30Z,2026-10-02T16:25:30Z,none
477805064,"Pokemon kort, 30th celebration",150,,,,,Solgt,2026-10-02T16:25:30Z,2026-10-02T16:25:30Z,none
477805283,Pokémon Pikachu 023/128 30th Celebration,20,Pikachu - 023/ADV-P (ADV-P Promotional Cards),,,,Solgt,2026-10-02T16:25:30Z,2026-10-02T16:25:30Z,high
477805406,Pikachu 024/128,20,,,,,Solgt,2026-10-02T16:25:30Z,2026-10-02T16:25:30Z,low
478007398,Pikachu 60/106 - Pokemon Emerald,,Pikachu (Emerald),175,,,Aktiv,2026-10-08T02:57:43Z,2026-10-08T02:57:43Z,high
478080699,Gengar holo 5/92 - Pokemon EX Legend Maker,,,,,,Aktiv,2026-10-08T02:57:43Z,2026-10-08T02:57:43Z,low
478150865,Mightyena reverse holo 66/146 - Pokemon Legends Awakened,,Mightyena (Legends Awakened),19,,,Aktiv,2026-10-08T02:57:43Z,2026-10-08T02:57:43Z,high
478212514,Pokemon kort,750,,,,,Aktiv,2026-10-08T02:57:43Z,2026-10-08T02:57:43Z,none
478213128,Pikachu 28/73 - Pokemon Shining Legends,,Pikachu - 28/73 (Cracked Ice Holo) (Deck Exclusives),138,,,Aktiv,2026-10-08T02:57:43Z,2026-10-08T02:57:43Z,high
478213443,Pikachu 24/30 - Pokemon 30th Celebration,,,,,,Aktiv,2026-10-08T02:57:43Z,2026-10-08T02:57:43Z,low
478213631,Pikachu 24/30 - Pokemon 30th Celebration,,,,,,Aktiv,2026-10-08T02:57:43Z,2026-10-08T02:57:43Z,low
478213654,Pikachu 24/30 - Pokemon 30th Celebration,,,,,,Aktiv,2026-10-08T02:57:43Z,2026-10-08T02:57:43Z,low
478213687,Pikachu 21/30 - Pokemon 30th Celebration,,,,,,Aktiv,2026-10-08T02:57:43Z,2026-10-08T02:57:43Z,low
478213717,Pikachu 21/30 - Pokemon 30th Celebration,,,,,,Aktiv,2026-10-08T02:57:43Z,2026-10-08T02:57:43Z,low
478213744,Pikachu 19/30 - Pokemon 30th Celebration,,,,,,Aktiv,2026-10-08T02:57:43Z,2026-10-08T02:57:43Z,none
478213768,Pikachu 17/30 - Pokemon 30th Celebration,,,,,,Aktiv,2026-10-08T02:57:43Z,2026-10-08T02:57:43Z,low
478213794,Pikachu 12/30 - Pokemon 30th Celebration,,,,,,Aktiv,2026-10-08T02:57:43Z,2026-10-08T02:57:43Z,low
478213814,Pikachu 05/30 - Pokemon 30th Celebration,,,,,,Aktiv,2026-10-08T02:57:43Z,2026-10-08T02:57:43Z,low
478213842,Pikachu 05/30 - Pokemon 30th Celebration,,,,,,Aktiv,2026-10-08T02:57:43Z,2026-10-08T02:57:43Z,low
478215231,Pokemon mega gengar,7900,,,,,Aktiv,2026-10-08T02:57:43Z,2026-10-08T02:57:43Z,low
478215247,Pokemon Pikachu ex,7800,,,,,Aktiv,2026-10-08T02:57:43Z,2026-10-08T02:57:43Z,low
478215308,🃏 Mew ex 158/128 – Pokémon 30th Celebration,,,,,,Aktiv,2026-10-08T02:57:43Z,2026-10-08T02:57:43Z,none
478215833,Pokémon Eevee Heroes Japansk Booster Pack – Uåpnet / Sealed,,,,,,Aktiv,2026-10-08T02:57:43Z,2026-10-08T02:57:43Z,none
477804216,Pokémon: Poliwrath #H24 – Skyridge,,Poliwrath (H24) (1 distinct cards),5360,,,Aktiv,2026-10-02T16:25:30Z,2026-10-02T16:25:30Z,medium
478009627,Primeape 50/110 - Pokemon Holon Phantoms,,Primeape (Delta Species) (Holon Phantoms),36,,,Aktiv,2026-10-08T02:57:43Z,2026-10-08T02:57:43Z,high
478009852,Oddish 73/110 - Pokemon Holon Phantoms,,Oddish (Delta Species) (Holon Phantoms),17,,,Aktiv,2026-10-08T02:57:43Z,2026-10-08T02:57:43Z,high
478083510,Piloswine 43/144 - Pokemon Skyridge,,Piloswine,,,,Aktiv,2026-10-08T02:57:43Z,2026-10-08T02:57:43Z,high
477802097,Genesect EX 11/101,70,Genesect EX (Team Plasma) (30th Celebration - Classic Collection),68,2,0.9714,Solgt,2026-10-02T16:25:30Z,2026-10-02T16:25:30Z,high
477801872,Crobat G 47/127,70,Crobat G (30th Celebration - Classic Collection),55,15,0.7857,Solgt,2026-10-02T16:25:30Z,2026-10-02T16:25:30Z,high
477801723,Pokémon Morpeko 135/128 30th Celebration,85,Morpeko - 135/128 (30th Celebration),59,26,0.6941,Aktiv,2026-10-02T16:25:30Z,2026-10-02T16:25:30Z,high
477801982,Uxie 43/146,229,Uxie (30th Celebration - Classic Collection),54,175,0.2358,Solgt,2026-10-02T16:25:30Z,2026-10-02T16:25:30Z,high
458560266,Pokémon GX/EX samlekort japansk holografisk lot,150,,,,,Aktiv,2026-10-02T16:25:30Z,2026-10-02T16:25:30Z,none
458643794,Pokémon Kingdra EX samlekort,,,,,,Aktiv,2026-10-02T16:25:30Z,2026-10-02T16:25:30Z,none
477802073,Pokémon 30th Anniversary Poster Collection,,,,,,Aktiv,2026-10-02T16:25:30Z,2026-10-02T16:25:30Z,none
477802337,Kingdra Prime 85/95  2010 – Pokemon,,Kingdra (Prime) (Unleashed),671,,,Aktiv,2026-10-02T16:25:30Z,2026-10-02T16:25:30Z,high
477802777,404,,,,,,Aktiv,2026-10-02T16:25:30Z,2026-10-02T16:25:30Z,none
477803030,Pokémon 30th Celebration Booster Bundle,999,,,,,Solgt,2026-10-02T16:25:30Z,2026-10-02T16:25:30Z,low
477803325,404,,,,,,Aktiv,2026-10-02T16:25:30Z,2026-10-02T16:25:30Z,none
477803455,404,,,,,,Aktiv,2026-10-02T16:25:30Z,2026-10-02T16:25:30Z,none
477804019,Lycanroc 138/128,,Lycanroc - 138/128 (30th Celebration),22,,,Aktiv,2026-10-02T16:25:30Z,2026-10-02T16:25:30Z,high
477804022,Pokemon kort samling EX GX V holo,,,,,,Aktiv,2026-10-02T16:25:30Z,2026-10-02T16:25:30Z,none
477804499,Stor Pokémon-kortsamling + Pokémon bokser | Selges samlet,600,,,,,Solgt,2026-10-02T16:25:30Z,2026-10-02T16:25:30Z,none
477804502,Greninja ex 21/128,,Greninja ex - 021/128 (30th Celebration),5,,,Aktiv,2026-10-02T16:25:30Z,2026-10-02T16:25:30Z,high
477804773,Sylveon ex 071/128,,Sylveon ex - 071/128 (30th Celebration),10,,,Inaktiv,2026-10-02T16:25:30Z,2026-10-02T16:25:30Z,high
477804796,Pokémon Mega Charizard EX 125 – Veldig god stand,7500,,,,,Aktiv,2026-10-02T16:25:30Z,2026-10-02T16:25:30Z,none
477804844,404,,,,,,Aktiv,2026-10-02T16:25:30Z,2026-10-02T16:25:30Z,none
477804899,Pokémon Moltres 096 Mega Evolution Promo,,,,,,Aktiv,2026-10-02T16:25:30Z,2026-10-02T16:25:30Z,none
477805043,Pokémon Articuno 097 Mega Evolution Promo,,,,,,Aktiv,2026-10-02T16:25:30Z,2026-10-02T16:25:30Z,none
477805137,Gwynn 109/084 Ultra Rare Selges,,,,,,Aktiv,2026-10-02T16:25:30Z,2026-10-02T16:25:30Z,none
477805162,Slowpoke #018,,,,,,Aktiv,2026-10-02T16:25:30Z,2026-10-02T16:25:30Z,none
477805178,Pokémon Zapdos 098 Mega Evolution Promo,,,,,,Aktiv,2026-10-02T16:25:30Z,2026-10-02T16:25:30Z,none
477805241,Slowking #019,,,,,,Aktiv,2026-10-02T16:25:30Z,2026-10-02T16:25:30Z,none
477805417,404,,,,,,Aktiv,2026-10-02T16:25:30Z,2026-10-02T16:25:30Z,none
477805771,Bronzor (Poke Ball Pattern) #066,,,,,,Aktiv,2026-10-02T16:25:30Z,2026-10-02T16:25:30Z,none
478079094,Mega Houndoom EX 22/162 - Pokemon XY Breakthrough,,,,,,Aktiv,2026-10-08T02:57:43Z,2026-10-08T02:57:43Z,none
478081618,Leafeon holo 24/100 - Pokemon Majestic Dawn,,,,,,Aktiv,2026-10-08T02:57:43Z,2026-10-08T02:57:43Z,none
478082429,Honchkrow LV.X 132/132 - Pokemon Secret Wonders,,,,,,Aktiv,2026-10-08T02:57:43Z,2026-10-08T02:57:43Z,none
478083065,Moonlight Stadium reverse holo 100/106 - Pokemon Great Encounters,,,,,,Aktiv,2026-10-08T02:57:43Z,2026-10-08T02:57:43Z,none
478141623,Flareon 60/111 - Pokemon Rising Rivals,,,,,,Aktiv,2026-10-08T02:57:43Z,2026-10-08T02:57:43Z,none
478142426,Luxury Ball 86/100 - Pokemon Stromfront,,,,,,Aktiv,2026-10-08T02:57:43Z,2026-10-08T02:57:43Z,none
478142967,Energy Search reverse holo 94/115 - Pokemon EX Unseen Forces,,,,,,Aktiv,2026-10-08T02:57:43Z,2026-10-08T02:57:43Z,none
478143203,Morpeko EX 55/84 - Pokemon Pitch Black,,,,,,Aktiv,2026-10-08T02:57:43Z,2026-10-08T02:57:43Z,none
478143297,Mega Slowbro EX 31/84 - Pokemon Pitch Black,,,,,,Aktiv,2026-10-08T02:57:43Z,2026-10-08T02:57:43Z,none
478143420,Cobalion EX 64/86 - Pokemon Chaos Rising,,,,,,Aktiv,2026-10-08T02:57:43Z,2026-10-08T02:57:43Z,none
478181948,Jumpluff #006 - HeartGold SoulSilver - Holofoil - NM,,,,,,Aktiv,2026-10-08T02:57:43Z,2026-10-08T02:57:43Z,none
478181991,"Azumarill #002 - HeartGold SoulSilver 
Reverse Holofoil - NM
MP",,,,,,Aktiv,2026-10-08T02:57:43Z,2026-10-08T02:57:43Z,none
478208956,Moltres & Zapdos & Articuno GX - Pokemon SM210 promo,,,,,,Aktiv,2026-10-08T02:57:43Z,2026-10-08T02:57:43Z,none
478211336,Cyndaquil 18/162 - Pokemon BREAKthrough,,,,,,Aktiv,2026-10-08T02:57:43Z,2026-10-08T02:57:43Z,none
478211897,Vaporeon EX 23/131 - Pokemon Prismatic Evolutions,,,,,,Aktiv,2026-10-08T02:57:43Z,2026-10-08T02:57:43Z,none
478214061,Pokemon kort Rhyhorn og Rhydon samling - 9 kort!,,,,,,Aktiv,2026-10-08T02:57:43Z,2026-10-08T02:57:43Z,none
478214084,Pokémon Charizard VMAX kort,,,,,,Aktiv,2026-10-08T02:57:43Z,2026-10-08T02:57:43Z,none
478214102,Pokemon kort,,,,,,Aktiv,2026-10-08T02:57:43Z,2026-10-08T02:57:43Z,none
478214124,Pokémon kort Venusaur EX holo,,,,,,Aktiv,2026-10-08T02:57:43Z,2026-10-08T02:57:43Z,none
478215027,Pokemon kort Registeel Gold Star psa 1,13500,,,,,Aktiv,2026-10-08T02:57:43Z,2026-10-08T02:57:43Z,none
478215274,Vaporeon ex 149/131 - Prismatic Evolutions,,,,,,Aktiv,2026-10-08T02:57:43Z,2026-10-08T02:57:43Z,none
478215782,Pokemon samlekort i binder,2000,,,,,Aktiv,2026-10-08T02:57:43Z,2026-10-08T02:57:43Z,none
478215811,Pokémon Chilling Reign Booster Pack – Galarian Articuno – Uåpnet,,,,,,Aktiv,2026-10-08T02:57:43Z,2026-10-08T02:57:43Z,none
